"","topic","strength","group"
"1",3,0.279272186271159,"Agree Non-resident"
"2",9,0.414540533903912,"Disagree Non-resident"
"3",8,0.176638451796451,"Agree Non-resident"
"4",8,0.394980730948683,"Agree Resident"
"5",2,0.310131986131431,"Agree Resident"
"6",1,0.213628204283468,"Agree Non-resident"
"7",8,0.303881273457344,"Agree Resident"
"8",3,0.219310823530539,"Agree Non-resident"
"9",4,0.402403002752203,"Agree Resident"
"10",6,0.280867261267864,"Disagree Non-resident"
"11",8,0.267464479528603,"Agree Resident"
"12",8,0.207803071604465,"Agree Non-resident"
"13",9,0.243366329666511,"Disagree Non-resident"
"14",5,0.15392231056347,"Disagree Non-resident"
"15",4,0.363581305386275,"Agree Resident"
"16",8,0.389716590482926,"Agree Non-resident"
"17",9,0.500196198190864,"Disagree Non-resident"
"18",1,0.27704991588442,"Agree Non-resident"
"19",6,0.255462941515373,"Disagree Resident"
"20",8,0.369815178030009,"Agree Non-resident"
"21",4,0.34171492010485,"Agree Resident"
"22",1,0.201766506685764,"Agree Resident"
"23",4,0.210034116157269,"Agree Resident"
"24",2,0.21536242935116,"Agree Non-resident"
"25",2,0.188436907428968,"Agree Non-resident"
"26",8,0.213046900821551,"Agree Resident"
"27",1,0.378112580327762,"Agree Non-resident"
"28",4,0.201077339708969,"Disagree Resident"
"29",6,0.303276007843458,"Disagree Non-resident"
"30",4,0.225124114453676,"Agree Resident"
"31",2,0.188436907428968,"Agree Non-resident"
"32",4,0.272249196396275,"Disagree Non-resident"
"33",3,0.326922559777604,"Agree Non-resident"
"34",4,0.380713193909145,"Agree Non-resident"
"35",4,0.616450577536642,"Disagree Resident"
"36",6,0.381573744628036,"Disagree Non-resident"
"37",4,0.390020026690389,"Agree Resident"
"38",10,0.220414722401195,"Disagree Non-resident"
"39",9,0.231001152546198,"Disagree Non-resident"
"40",9,0.202026235333402,"Agree Non-resident"
"41",3,0.247968194658027,"Agree Non-resident"
"42",2,0.195821020526888,"Agree Non-resident"
"43",6,0.163578539454816,"Disagree Non-resident"
"44",3,0.232547545641424,"Agree Non-resident"
"45",2,0.17009228835474,"Agree Non-resident"
"46",8,0.243952414801493,"Agree Resident"
"47",6,0.186395701884117,"Disagree Resident"
"48",1,0.162140290793666,"Disagree Resident"
"49",3,0.227676986589492,"Agree Non-resident"
"50",8,0.250471098179546,"Agree Non-resident"
"51",4,0.368343966397693,"Disagree Resident"
"52",1,0.213628204283468,"Agree Non-resident"
"53",8,0.245366858504091,"Agree Non-resident"
"54",6,0.195831733153354,"Disagree Non-resident"
"55",1,0.213628204283468,"Agree Non-resident"
"56",9,0.477057001694688,"Agree Non-resident"
"57",6,0.227260657643813,"Disagree Resident"
"58",6,0.509000391362338,"Disagree Non-resident"
"59",8,0.243952414801493,"Agree Resident"
"60",2,0.190296049370239,"Agree Non-resident"
"61",5,0.191770561563312,"Agree Non-resident"
"62",8,0.239188893771098,"Agree Non-resident"
"63",8,0.24460225275234,"Agree Non-resident"
"64",1,0.148608997363801,"Disagree Resident"
"65",3,0.280476046773276,"Agree Non-resident"
"66",1,0.151988850652655,"Agree Non-resident"
"67",4,0.242400733257394,"Agree Non-resident"
"68",4,0.233365911272519,"Disagree Non-resident"
"69",1,0.374113760835496,"Agree Non-resident"
"70",4,0.389685332068247,"Disagree Resident"
"71",8,0.203418281485438,"Agree Non-resident"
"72",9,0.576170868694504,"Disagree Non-resident"
"73",3,0.208825106125476,"Agree Non-resident"
"74",9,0.198582318042342,"Agree Non-resident"
"75",3,0.222181107794621,"Agree Non-resident"
"76",9,0.219739836082252,"Agree Non-resident"
"77",4,0.629636933366206,"Disagree Resident"
"78",5,0.151569683780951,"Disagree Non-resident"
"79",10,0.273214615195741,"Disagree Resident"
"80",4,0.257380519170658,"Agree Resident"
"81",8,0.162021624339387,"Agree Resident"
"82",6,0.315603503417006,"Agree Non-resident"
"83",2,0.186757461600702,"Agree Resident"
"84",9,0.277775368784403,"Disagree Non-resident"
"85",9,0.221850391619093,"Agree Non-resident"
"86",7,0.259428933187811,"Disagree Non-resident"
"87",2,0.241036050094618,"Agree Resident"
"88",3,0.230393591185156,"Agree Non-resident"
"89",10,0.357832295428871,"Agree Non-resident"
"90",9,0.373572778423526,"Disagree Non-resident"
"91",5,0.186087677682435,"Agree Resident"
"92",4,0.256546039574698,"Disagree Resident"
"93",3,0.239944773812313,"Agree Non-resident"
"94",4,0.612276458185853,"Agree Resident"
"95",9,0.425122800857378,"Disagree Non-resident"
"96",5,0.215157375958576,"Agree Resident"
"97",3,0.22006179853178,"Agree Resident"
"98",4,0.218366228023372,"Disagree Non-resident"
"99",10,0.162133101609231,"Agree Non-resident"
"100",10,0.226148861270412,"Agree Non-resident"
"101",1,0.213735131332507,"Agree Non-resident"
"102",9,0.213807151489192,"Agree Non-resident"
"103",8,0.278649351346358,"Agree Non-resident"
"104",3,0.238752174289755,"Agree Resident"
"105",5,0.208917071960296,"Disagree Resident"
"106",1,0.36980441039836,"Agree Resident"
"107",9,0.25016242926512,"Disagree Non-resident"
"108",1,0.335134714197253,"Disagree Resident"
"109",1,0.288365373058941,"Agree Resident"
"110",3,0.208724307472993,"Agree Non-resident"
"111",3,0.220061649854936,"Agree Resident"
"112",2,0.413062384132464,"Agree Non-resident"
"113",7,0.206050514795025,"Disagree Resident"
"114",9,0.243821866811851,"Disagree Non-resident"
"115",1,0.148608997363801,"Disagree Resident"
"116",1,0.231031839053499,"Agree Resident"
"117",5,0.208861969406177,"Agree Non-resident"
"118",4,0.237719851031651,"Disagree Non-resident"
"119",3,0.275064078297258,"Agree Non-resident"
"120",8,0.271519076808661,"Agree Non-resident"
"121",8,0.275850031215,"Agree Resident"
"122",8,0.247077041335764,"Agree Non-resident"
"123",4,0.213501939439552,"Disagree Non-resident"
"124",3,0.208909629322253,"Agree Non-resident"
"125",4,0.35912151690722,"Agree Resident"
"126",8,0.203618929215825,"Agree Resident"
"127",9,0.264075641269115,"Agree Non-resident"
"128",6,0.369328372305224,"Disagree Non-resident"
"129",8,0.23919907354328,"Agree Non-resident"
"130",4,0.1550754540029,"Disagree Resident"
"131",4,0.165213557009033,"Agree Non-resident"
"132",9,0.183617217459554,"Agree Non-resident"
"133",9,0.172198067223946,"Agree Non-resident"
"134",4,0.19027981082181,"Agree Non-resident"
"135",4,0.203530505788192,"Agree Non-resident"
"136",4,0.307704100317991,"Disagree Non-resident"
"137",8,0.39047142965004,"Agree Non-resident"
"138",1,0.203701414491694,"Agree Non-resident"
"139",6,0.191295679515987,"Agree Resident"
"140",1,0.245544334010686,"Agree Resident"
"141",4,0.251830430236843,"Disagree Resident"
"142",8,0.22056644250213,"Agree Non-resident"
"143",6,0.423028956610962,"Disagree Non-resident"
"144",8,0.177784985314124,"Disagree Resident"
"145",10,0.203606877436453,"Agree Non-resident"
"146",8,0.510074302813734,"Agree Non-resident"
"147",4,0.534878922262959,"Disagree Resident"
"148",1,0.201766506685764,"Agree Resident"
"149",4,0.239614695872719,"Agree Resident"
"150",10,0.360195221908922,"Agree Resident"
"151",6,0.24179049290014,"Agree Resident"
"152",7,0.177996650818171,"Disagree Non-resident"
"153",5,0.24951445255485,"Disagree Non-resident"
"154",3,0.290640594895056,"Agree Non-resident"
"155",3,0.249017603083587,"Agree Resident"
"156",8,0.23921939836993,"Agree Non-resident"
"157",9,0.515168533704494,"Disagree Non-resident"
"158",8,0.220610051806835,"Agree Resident"
"159",6,0.351578260060039,"Disagree Non-resident"
"160",2,0.24717803737199,"Agree Non-resident"
"161",2,0.166079889383083,"Agree Non-resident"
"162",9,0.222743052453204,"Disagree Non-resident"
"163",7,0.173591143401389,"Disagree Non-resident"
"164",3,0.220061797451721,"Agree Resident"
"165",8,0.412882074938904,"Agree Non-resident"
"166",7,0.282378382308228,"Disagree Resident"
"167",8,0.273700301151889,"Agree Resident"
"168",7,0.188275478470286,"Disagree Resident"
"169",8,0.176646293639338,"Agree Non-resident"
"170",1,0.284424843669944,"Disagree Resident"
"171",9,0.235325459019682,"Agree Non-resident"
"172",10,0.242432643637147,"Disagree Non-resident"
"173",2,0.190298759959486,"Agree Non-resident"
"174",1,0.213735120386092,"Agree Non-resident"
"175",9,0.450365243981801,"Disagree Non-resident"
"176",3,0.269404116106705,"Agree Non-resident"
"177",8,0.240489669077694,"Agree Non-resident"
"178",3,0.290638463099501,"Agree Non-resident"
"179",8,0.374549998176046,"Agree Non-resident"
"180",3,0.24735630323389,"Agree Resident"
"181",8,0.260695014714723,"Agree Non-resident"
"182",6,0.261546184024295,"Agree Resident"
"183",8,0.238914611921693,"Agree Resident"
"184",8,0.222049118080322,"Agree Non-resident"
"185",2,0.232174086237485,"Agree Non-resident"
"186",8,0.267040237275971,"Agree Non-resident"
"187",7,0.353562765923104,"Disagree Resident"
"188",8,0.258043753698921,"Agree Non-resident"
"189",8,0.164728868144975,"Agree Non-resident"
"190",8,0.229382012126202,"Agree Non-resident"
"191",9,0.54223871614592,"Disagree Non-resident"
"192",7,0.188275478470286,"Disagree Resident"
"193",10,0.267261614355054,"Disagree Non-resident"
"194",9,0.350746321105983,"Disagree Non-resident"
"195",3,0.189137451112965,"Agree Non-resident"
"196",8,0.187078816323444,"Agree Resident"
"197",4,0.515551459835745,"Agree Non-resident"
"198",8,0.239707482745612,"Agree Resident"
"199",1,0.344162104652629,"Agree Non-resident"
"200",2,0.195326778392421,"Agree Non-resident"
"201",1,0.317233082128737,"Agree Non-resident"
"202",10,0.189379998360893,"Agree Non-resident"
"203",8,0.192956825903216,"Agree Non-resident"
"204",3,0.21888801248034,"Agree Resident"
"205",4,0.510859057646501,"Disagree Resident"
"206",4,0.294537638746256,"Disagree Non-resident"
"207",8,0.191082180236375,"Agree Non-resident"
"208",4,0.341065555540186,"Agree Resident"
"209",10,0.165559818520395,"Disagree Resident"
"210",3,0.209434201221464,"Agree Non-resident"
"211",2,0.228318631800192,"Agree Non-resident"
"212",9,0.29417177568402,"Agree Non-resident"
"213",5,0.243099806763817,"Disagree Resident"
"214",1,0.148608997363801,"Disagree Resident"
"215",2,0.227255110758083,"Agree Non-resident"
"216",3,0.208934803437637,"Agree Non-resident"
"217",8,0.187216684072549,"Agree Non-resident"
"218",8,0.271120036866835,"Agree Non-resident"
"219",8,0.271384388793524,"Agree Non-resident"
"220",9,0.167309738209188,"Disagree Non-resident"
"221",4,0.198931957171985,"Agree Non-resident"
"222",3,0.260310978089163,"Agree Non-resident"
"223",10,0.246138189100674,"Disagree Non-resident"
"224",2,0.246980197505356,"Agree Non-resident"
"225",10,0.257497604396743,"Disagree Non-resident"
"226",6,0.238313165911884,"Disagree Non-resident"
"227",8,0.174304787317363,"Agree Non-resident"
"228",4,0.403563655579271,"Disagree Resident"
"229",9,0.257103185534348,"Disagree Non-resident"
"230",4,0.205176814736721,"Disagree Resident"
"231",8,0.35768716061809,"Agree Resident"
"232",6,0.185171750158495,"Agree Resident"
"233",4,0.407305881114354,"Disagree Non-resident"
"234",9,0.659265121008114,"Disagree Non-resident"
"235",4,0.28592559620958,"Disagree Resident"
"236",4,0.28476063526071,"Disagree Resident"
"237",7,0.200503130361857,"Agree Resident"
"238",4,0.478577628563047,"Agree Resident"
"239",1,0.23027483372822,"Disagree Non-resident"
"240",3,0.319844554193088,"Agree Resident"
"241",8,0.214550795366602,"Agree Non-resident"
"242",3,0.216779049541093,"Agree Resident"
"243",2,0.170092379084332,"Agree Non-resident"
"244",8,0.292860784261169,"Agree Non-resident"
"245",4,0.183232104183207,"Agree Resident"
"246",6,0.44221766278917,"Disagree Resident"
"247",5,0.261214040037196,"Agree Non-resident"
"248",3,0.2029162568783,"Agree Non-resident"
"249",7,0.198889397902332,"Disagree Resident"
"250",4,0.23095890391492,"Agree Resident"
"251",7,0.176204271612111,"Disagree Non-resident"
"252",7,0.154782160754437,"Disagree Resident"
"253",9,0.398245409339945,"Disagree Non-resident"
"254",8,0.176645515325345,"Agree Non-resident"
"255",1,0.331529444807163,"Agree Resident"
"256",1,0.193247794682308,"Agree Non-resident"
"257",6,0.144621898090116,"Agree Non-resident"
"258",8,0.188957791269609,"Agree Non-resident"
"259",10,0.275742630155962,"Agree Non-resident"
"260",9,0.442137410911151,"Disagree Non-resident"
"261",3,0.322156547412207,"Agree Resident"
"262",8,0.166105629550234,"Agree Non-resident"
"263",6,0.420812805513612,"Disagree Non-resident"
"264",8,0.292541647930381,"Agree Resident"
"265",8,0.152482076568017,"Agree Non-resident"
"266",6,0.394492443580034,"Disagree Non-resident"
"267",2,0.180084564594183,"Agree Non-resident"
"268",1,0.213735132820452,"Agree Non-resident"
"269",10,0.178911019380804,"Agree Non-resident"
"270",4,0.300929759597948,"Disagree Resident"
"271",8,0.176645529540708,"Agree Non-resident"
"272",8,0.198079349994177,"Agree Resident"
"273",5,0.265589127583017,"Disagree Non-resident"
"274",3,0.20279047237527,"Agree Non-resident"
"275",1,0.347150763754416,"Agree Non-resident"
"276",10,0.229648410294978,"Agree Resident"
"277",6,0.202776586154861,"Agree Non-resident"
"278",6,0.307413224397717,"Disagree Non-resident"
"279",3,0.327279012181159,"Agree Resident"
"280",4,0.313111410032462,"Agree Resident"
"281",8,0.214621096872351,"Agree Non-resident"
"282",10,0.309972305651031,"Disagree Resident"
"283",8,0.346823840968106,"Agree Resident"
"284",8,0.19681166322371,"Agree Non-resident"
"285",8,0.361786605964739,"Agree Non-resident"
"286",4,0.251696928139514,"Disagree Resident"
"287",5,0.200669660201513,"Agree Resident"
"288",10,0.175605035295289,"Agree Resident"
"289",6,0.220866146655195,"Disagree Non-resident"
"290",9,0.499216071877271,"Disagree Non-resident"
"291",5,0.268462392642594,"Disagree Resident"
"292",3,0.220437214244975,"Agree Resident"
"293",3,0.150766537410831,"Agree Resident"
"294",4,0.489666980036856,"Agree Resident"
"295",8,0.300536434693409,"Agree Non-resident"
"296",9,0.364475125361651,"Disagree Non-resident"
"297",2,0.167472995396008,"Agree Non-resident"
"298",3,0.220059300952702,"Agree Resident"
"299",9,0.404368741623133,"Disagree Non-resident"
"300",9,0.25709779633659,"Disagree Non-resident"
"301",4,0.389177789370204,"Disagree Resident"
"302",8,0.220020599325598,"Disagree Non-resident"
"303",3,0.297584964340326,"Agree Resident"
"304",8,0.184686296501895,"Agree Non-resident"
"305",9,0.227779717177322,"Disagree Resident"
"306",8,0.262288079138656,"Agree Non-resident"
"307",8,0.271974973430237,"Disagree Resident"
"308",4,0.286423927212639,"Disagree Non-resident"
"309",8,0.220934168704362,"Agree Non-resident"
"310",6,0.369894412341961,"Disagree Resident"
"311",4,0.284498836501686,"Disagree Resident"
"312",8,0.169746027323137,"Agree Resident"
"313",6,0.159381904919606,"Disagree Resident"
"314",7,0.212446517042503,"Disagree Non-resident"
"315",8,0.214785864177465,"Agree Resident"
"316",8,0.161641951514984,"Disagree Resident"
"317",5,0.162846392620347,"Disagree Non-resident"
"318",4,0.226737443138792,"Agree Resident"
"319",4,0.341306744707961,"Disagree Resident"
"320",4,0.303886025796117,"Disagree Resident"
"321",8,0.176451367671939,"Agree Resident"
"322",2,0.227815660263697,"Agree Resident"
"323",1,0.201766506685764,"Agree Resident"
"324",9,0.320105746070856,"Disagree Non-resident"
"325",6,0.181350471224233,"Disagree Non-resident"
"326",4,0.227001478466159,"Agree Resident"
"327",4,0.253373537080587,"Disagree Resident"
"328",4,0.392158629137029,"Disagree Resident"
"329",4,0.284762283475099,"Disagree Resident"
"330",8,0.176644924521792,"Agree Non-resident"
"331",9,0.447828017420534,"Disagree Non-resident"
"332",6,0.259863942849897,"Disagree Non-resident"
"333",8,0.21985937962511,"Disagree Resident"
"334",4,0.390799968837218,"Disagree Non-resident"
"335",8,0.221706117486367,"Disagree Non-resident"
"336",10,0.290872304014596,"Disagree Non-resident"
"337",7,0.227943700103407,"Agree Non-resident"
"338",4,0.1534344685134,"Disagree Resident"
"339",2,0.190296049370239,"Agree Non-resident"
"340",6,0.36607392095823,"Agree Non-resident"
"341",9,0.22865472145736,"Disagree Non-resident"
"342",4,0.305651001109621,"Disagree Resident"
"343",9,0.427016090033893,"Disagree Non-resident"
"344",4,0.472002943609523,"Disagree Resident"
"345",10,0.173418784059383,"Agree Resident"
"346",6,0.387859620737821,"Disagree Resident"
"347",3,0.296311045796287,"Agree Resident"
"348",1,0.22372060735259,"Disagree Resident"
"349",2,0.189080045691461,"Agree Resident"
"350",2,0.220694330914182,"Agree Non-resident"
"351",4,0.689620853688543,"Disagree Resident"
"352",8,0.26902602897259,"Agree Resident"
"353",6,0.224601409874341,"Agree Non-resident"
"354",1,0.260601978855684,"Agree Non-resident"
"355",6,0.34160380877135,"Disagree Non-resident"
"356",8,0.219469646241131,"Disagree Non-resident"
"357",1,0.266101565875479,"Agree Non-resident"
"358",9,0.29410067009555,"Disagree Non-resident"
"359",9,0.359396051066218,"Disagree Non-resident"
"360",6,0.270383958230824,"Disagree Resident"
"361",10,0.299730519813227,"Disagree Resident"
"362",6,0.242464022275928,"Disagree Non-resident"
"363",6,0.551186621916072,"Disagree Non-resident"
"364",4,0.398113980238678,"Agree Resident"
"365",8,0.169032107063376,"Agree Non-resident"
"366",6,0.607712599632252,"Disagree Non-resident"
"367",8,0.251109873710718,"Agree Resident"
"368",9,0.521886882967208,"Disagree Non-resident"
"369",8,0.243952414801493,"Agree Resident"
"370",1,0.284424429932162,"Disagree Resident"
"371",8,0.292806983159285,"Agree Resident"
"372",3,0.217492734431986,"Agree Non-resident"
"373",5,0.277963682933899,"Agree Non-resident"
"374",1,0.394171381965692,"Agree Non-resident"
"375",3,0.23255375343319,"Agree Non-resident"
"376",2,0.217344008463961,"Agree Resident"
"377",4,0.390158835874329,"Disagree Resident"
"378",8,0.184321186859382,"Agree Non-resident"
"379",3,0.24121760190293,"Agree Resident"
"380",8,0.220557011574397,"Agree Non-resident"
"381",5,0.150220853107257,"Disagree Resident"
"382",4,0.294521174884097,"Disagree Resident"
"383",3,0.194172030880302,"Agree Non-resident"
"384",8,0.224693676719105,"Agree Resident"
"385",3,0.264929847385756,"Agree Non-resident"
"386",7,0.256046496640256,"Disagree Resident"
"387",9,0.236034322140675,"Disagree Non-resident"
"388",8,0.176628019138545,"Agree Non-resident"
"389",3,0.26699225487513,"Agree Resident"
"390",1,0.293367486246583,"Agree Non-resident"
"391",9,0.343089621817648,"Agree Non-resident"
"392",10,0.22518444636843,"Agree Non-resident"
"393",8,0.420485153900594,"Agree Non-resident"
"394",3,0.193213341487097,"Agree Non-resident"
"395",9,0.411314840800761,"Disagree Non-resident"
"396",4,0.524984438338507,"Disagree Resident"
"397",5,0.199896767869902,"Disagree Non-resident"
"398",8,0.273236978860689,"Agree Non-resident"
"399",5,0.179045743591077,"Agree Resident"
"400",7,0.188275478470286,"Disagree Resident"
"401",6,0.17320465917174,"Agree Resident"
"402",1,0.476313008463752,"Agree Non-resident"
"403",8,0.419827824544132,"Agree Non-resident"
"404",6,0.214548943004818,"Agree Resident"
"405",8,0.254119056383429,"Agree Non-resident"
"406",1,0.25581443391693,"Agree Non-resident"
"407",6,0.239501830569914,"Agree Non-resident"
"408",2,0.19479483038191,"Agree Non-resident"
"409",7,0.218972689100375,"Agree Non-resident"
"410",8,0.190252610858501,"Agree Resident"
"411",8,0.369654442790244,"Agree Non-resident"
"412",6,0.520146301627385,"Agree Non-resident"
"413",10,0.200462899343041,"Disagree Resident"
"414",9,0.385826807234697,"Disagree Non-resident"
"415",6,0.6252013852971,"Disagree Resident"
"416",9,0.518717698026537,"Disagree Non-resident"
"417",8,0.231589360867778,"Agree Resident"
"418",1,0.21373489961781,"Agree Non-resident"
"419",8,0.177608481091643,"Agree Non-resident"
"420",8,0.208486144883473,"Disagree Non-resident"
"421",7,0.188275478470286,"Disagree Resident"
"422",5,0.375664309294795,"Disagree Non-resident"
"423",6,0.426094854505605,"Disagree Non-resident"
"424",2,0.182284140889743,"Agree Non-resident"
"425",8,0.206968753830427,"Agree Non-resident"
"426",8,0.231499551055879,"Agree Resident"
"427",7,0.212435072419066,"Disagree Non-resident"
"428",3,0.218964523973566,"Agree Non-resident"
"429",8,0.259424477531745,"Agree Resident"
"430",3,0.174418798788133,"Agree Non-resident"
"431",3,0.263600539394553,"Agree Resident"
"432",1,0.344162104652629,"Agree Non-resident"
"433",3,0.174417226857954,"Agree Non-resident"
"434",4,0.416215861024563,"Disagree Non-resident"
"435",9,0.257372934156062,"Disagree Non-resident"
"436",9,0.231001152546198,"Disagree Non-resident"
"437",9,0.205811166541321,"Agree Non-resident"
"438",10,0.304177183213488,"Agree Resident"
"439",1,0.21373489961781,"Agree Non-resident"
"440",4,0.562100815189275,"Agree Resident"
"441",8,0.194775763621982,"Agree Non-resident"
"442",1,0.344169289534509,"Agree Non-resident"
"443",9,0.337327913479827,"Disagree Non-resident"
"444",8,0.209995517490066,"Agree Non-resident"
"445",8,0.17697427641623,"Agree Resident"
"446",9,0.353271625812851,"Disagree Non-resident"
"447",9,0.217736948372552,"Disagree Non-resident"
"448",10,0.322161225674232,"Disagree Resident"
"449",8,0.244683871084509,"Agree Non-resident"
"450",9,0.167309738209188,"Disagree Non-resident"
"451",3,0.190025788699472,"Agree Resident"
"452",3,0.199045460720155,"Agree Non-resident"
"453",4,0.214179516011171,"Agree Resident"
"454",3,0.220061716663133,"Agree Resident"
"455",4,0.274447517419602,"Disagree Resident"
"456",2,0.174734488214307,"Agree Non-resident"
"457",9,0.399030862193957,"Disagree Non-resident"
"458",9,0.346851429653131,"Disagree Non-resident"
"459",9,0.234469230562026,"Disagree Non-resident"
"460",1,0.170194554455572,"Disagree Non-resident"
"461",1,0.201754694446649,"Agree Resident"
"462",1,0.204260810878451,"Disagree Resident"
"463",9,0.316813659440467,"Disagree Non-resident"
"464",9,0.167309738209188,"Disagree Non-resident"
"465",6,0.285697464278363,"Disagree Non-resident"
"466",1,0.520666257435665,"Agree Non-resident"
"467",8,0.225445494877722,"Agree Non-resident"
"468",7,0.153707931214461,"Disagree Non-resident"
"469",3,0.255344934500652,"Agree Resident"
"470",6,0.143738191265412,"Disagree Non-resident"
"471",8,0.23962988438713,"Disagree Resident"
"472",1,0.213735131332507,"Agree Non-resident"
"473",6,0.511576373286789,"Disagree Resident"
"474",4,0.261592638256588,"Agree Resident"
"475",9,0.500651564171486,"Disagree Non-resident"
"476",9,0.423876994149538,"Disagree Non-resident"
"477",5,0.205251052091657,"Disagree Non-resident"
"478",1,0.344162104652629,"Agree Non-resident"
"479",2,0.242744331365877,"Agree Non-resident"
"480",3,0.248616516527952,"Agree Non-resident"
"481",7,0.18117670702152,"Disagree Non-resident"
"482",3,0.216919934990912,"Agree Non-resident"
"483",2,0.255181654931289,"Agree Non-resident"
"484",7,0.231477363538818,"Disagree Resident"
"485",6,0.253990369929025,"Disagree Non-resident"
"486",3,0.228512092503774,"Agree Non-resident"
"487",6,0.171602069836251,"Agree Resident"
"488",5,0.256018962879526,"Disagree Non-resident"
"489",5,0.268616741694523,"Disagree Resident"
"490",6,0.51766504151289,"Disagree Non-resident"
"491",4,0.475362016780297,"Disagree Resident"
"492",8,0.222154617857567,"Agree Non-resident"
"493",2,0.185925484363648,"Agree Non-resident"
"494",9,0.356537235013613,"Agree Non-resident"
"495",6,0.21133240907024,"Disagree Non-resident"
"496",1,0.435942895193056,"Agree Non-resident"
"497",8,0.282213553648054,"Agree Non-resident"
"498",6,0.20884646382472,"Disagree Non-resident"
"499",9,0.315890348103356,"Agree Non-resident"
"500",8,0.192336152447019,"Agree Non-resident"
"501",6,0.314009132781954,"Disagree Non-resident"
"502",9,0.140899851970382,"Disagree Non-resident"
"503",8,0.266622624749849,"Disagree Non-resident"
"504",8,0.212812716786446,"Agree Resident"
"505",9,0.165835950050181,"Agree Non-resident"
"506",1,0.255234663317221,"Agree Resident"
"507",7,0.221167548661656,"Disagree Resident"
"508",6,0.33991160807668,"Disagree Non-resident"
"509",4,0.324421276088621,"Disagree Non-resident"
"510",8,0.319361246983912,"Agree Resident"
"511",8,0.214419554358958,"Agree Non-resident"
"512",1,0.213628204283468,"Agree Non-resident"
"513",8,0.176645904034906,"Agree Non-resident"
"514",7,0.188275478470286,"Disagree Resident"
"515",6,0.254671284889561,"Disagree Resident"
"516",8,0.258924659728878,"Agree Non-resident"
"517",4,0.17947451315483,"Agree Resident"
"518",6,0.526396833241558,"Disagree Non-resident"
"519",9,0.165835950017936,"Agree Non-resident"
"520",3,0.179429185322967,"Agree Non-resident"
"521",9,0.355936294830039,"Disagree Non-resident"
"522",4,0.673323959457666,"Disagree Resident"
"523",5,0.334735088913584,"Disagree Resident"
"524",6,0.340596671425741,"Disagree Resident"
"525",2,0.253392186366864,"Agree Resident"
"526",6,0.498558505796025,"Disagree Non-resident"
"527",3,0.225492191860322,"Agree Non-resident"
"528",9,0.289476166794104,"Disagree Non-resident"
"529",4,0.188317571113986,"Agree Resident"
"530",4,0.458419946610338,"Agree Non-resident"
"531",6,0.401252891422447,"Disagree Resident"
"532",4,0.212346201690384,"Agree Resident"
"533",7,0.232154772037388,"Disagree Resident"
"534",9,0.281994464446749,"Disagree Non-resident"
"535",6,0.185682417860435,"Agree Non-resident"
"536",3,0.232467114589821,"Agree Non-resident"
"537",3,0.305709128377393,"Agree Non-resident"
"538",8,0.257008632535459,"Agree Non-resident"
"539",1,0.213628204283468,"Agree Non-resident"
"540",2,0.169533805311985,"Agree Non-resident"
"541",4,0.435019582805591,"Agree Resident"
"542",9,0.500651564171486,"Disagree Non-resident"
"543",9,0.179324216067823,"Disagree Non-resident"
"544",6,0.499626347393105,"Disagree Resident"
"545",9,0.500651564171486,"Disagree Non-resident"
"546",1,0.232830261369803,"Agree Resident"
"547",9,0.313016925379948,"Disagree Non-resident"
"548",8,0.230326258188823,"Agree Resident"
"549",2,0.155118356046997,"Agree Resident"
"550",4,0.388398816680544,"Disagree Non-resident"
"551",8,0.281920998904999,"Agree Non-resident"
"552",7,0.216773895581572,"Agree Non-resident"
"553",6,0.291539824099891,"Disagree Non-resident"
"554",6,0.486190488472023,"Disagree Non-resident"
"555",10,0.246758316043254,"Disagree Non-resident"
"556",3,0.211316594421925,"Agree Resident"
"557",7,0.204452565772471,"Disagree Non-resident"
"558",8,0.25340310162786,"Agree Non-resident"
"559",3,0.216514209692604,"Agree Resident"
"560",8,0.243702628289442,"Agree Non-resident"
"561",4,0.417877843370318,"Agree Resident"
"562",10,0.202722941836145,"Agree Non-resident"
"563",6,0.348493523385855,"Disagree Non-resident"
"564",8,0.298585173371968,"Agree Resident"
"565",10,0.196625046096919,"Agree Resident"
"566",6,0.380314474087563,"Agree Non-resident"
"567",3,0.211713882734027,"Agree Resident"
"568",9,0.480690765684103,"Disagree Non-resident"
"569",9,0.30934412098345,"Disagree Non-resident"
"570",5,0.22693693144888,"Disagree Resident"
"571",3,0.280478952966905,"Agree Non-resident"
"572",9,0.305760241584861,"Disagree Resident"
"573",8,0.187166736871999,"Agree Resident"
"574",4,0.290855192300586,"Agree Resident"
"575",4,0.418640705206852,"Disagree Non-resident"
"576",7,0.209991080161794,"Disagree Resident"
"577",3,0.160079123607613,"Agree Non-resident"
"578",1,0.304915261738564,"Agree Non-resident"
"579",8,0.238296645395906,"Agree Resident"
"580",8,0.199628743401593,"Agree Resident"
"581",5,0.22464309634434,"Agree Non-resident"
"582",9,0.503704313789984,"Disagree Non-resident"
"583",2,0.277476538496433,"Agree Non-resident"
"584",1,0.213628204283468,"Agree Non-resident"
"585",4,0.231474397177278,"Disagree Resident"
"586",8,0.301994155872446,"Agree Non-resident"
"587",1,0.148608997363801,"Disagree Resident"
"588",1,0.325899989091705,"Agree Resident"
"589",10,0.2824802667957,"Agree Non-resident"
"590",8,0.272700318615767,"Agree Non-resident"
"591",2,0.190298759960554,"Agree Non-resident"
"592",8,0.264570383187613,"Agree Non-resident"
"593",8,0.343101908867917,"Agree Resident"
"594",4,0.277654218749712,"Disagree Resident"
"595",8,0.282928296477199,"Agree Non-resident"
"596",8,0.146475475040097,"Agree Non-resident"
"597",10,0.188940326330631,"Disagree Non-resident"
"598",6,0.198624977264684,"Disagree Resident"
"599",8,0.2170410235972,"Agree Non-resident"
"600",6,0.414041075408789,"Disagree Non-resident"
"601",8,0.228656762133038,"Disagree Resident"
"602",4,0.33896588102014,"Disagree Resident"
"603",10,0.173411564858493,"Agree Resident"
"604",4,0.182013014496225,"Agree Resident"
"605",3,0.200147547567504,"Agree Non-resident"
"606",6,0.247029730869396,"Disagree Non-resident"
"607",3,0.288594508030091,"Agree Non-resident"
"608",8,0.207360806644921,"Agree Non-resident"
"609",4,0.498068130222492,"Agree Resident"
"610",10,0.249630359667031,"Agree Non-resident"
"611",8,0.167580755313025,"Disagree Resident"
"612",3,0.27349000306468,"Disagree Resident"
"613",2,0.226384392817555,"Agree Resident"
"614",3,0.302262507127741,"Agree Resident"
"615",7,0.238028029462877,"Disagree Non-resident"
"616",5,0.382743109276706,"Disagree Resident"
"617",3,0.222009372668213,"Agree Resident"
"618",2,0.259903980092496,"Agree Non-resident"
"619",6,0.318497660872246,"Agree Non-resident"
"620",4,0.272521764951819,"Disagree Non-resident"
"621",3,0.161152009078805,"Agree Resident"
"622",1,0.188438903671254,"Disagree Resident"
"623",2,0.185925484363648,"Agree Non-resident"
"624",5,0.254041956596728,"Disagree Resident"
"625",9,0.361587943224072,"Disagree Non-resident"
"626",9,0.251794956220787,"Disagree Non-resident"
"627",4,0.695580117675328,"Agree Non-resident"
"628",9,0.392835162124668,"Disagree Non-resident"
"629",1,0.201766506685764,"Agree Resident"
"630",1,0.289472672509711,"Agree Resident"
"631",7,0.2451926159217,"Disagree Resident"
"632",1,0.296975011056328,"Agree Non-resident"
"633",1,0.331539874367431,"Agree Resident"
"634",9,0.299949907326137,"Disagree Non-resident"
"635",2,0.18001303906141,"Agree Resident"
"636",9,0.563050169735469,"Disagree Non-resident"
"637",10,0.174198290378533,"Agree Non-resident"
"638",9,0.252816023667233,"Disagree Non-resident"
"639",4,0.426225934311774,"Agree Resident"
"640",6,0.334939321902372,"Disagree Non-resident"
"641",8,0.254863056411679,"Agree Non-resident"
"642",3,0.228554697672635,"Agree Non-resident"
"643",4,0.333654555278292,"Agree Non-resident"
"644",7,0.228348684943942,"Disagree Non-resident"
"645",1,0.445550208682274,"Agree Non-resident"
"646",1,0.201663775104261,"Agree Non-resident"
"647",9,0.65800950730406,"Disagree Non-resident"
"648",8,0.170430289269224,"Agree Non-resident"
"649",3,0.195935441308996,"Agree Resident"
"650",3,0.209893145953908,"Agree Resident"
"651",3,0.264636591448728,"Agree Resident"
"652",8,0.282839997978586,"Agree Resident"
"653",3,0.273905773719896,"Agree Non-resident"
"654",2,0.19029606377373,"Agree Non-resident"
"655",1,0.179359560958142,"Disagree Resident"
"656",6,0.515671525371197,"Disagree Non-resident"
"657",8,0.241536954879512,"Disagree Resident"
"658",9,0.486411148369845,"Disagree Non-resident"
"659",6,0.228222974533987,"Disagree Resident"
"660",1,0.14860597933449,"Disagree Resident"
"661",8,0.29097148166191,"Agree Non-resident"
"662",4,0.28056314182891,"Agree Resident"
"663",4,0.428762899409705,"Disagree Resident"
"664",2,0.180220979303192,"Agree Resident"
"665",10,0.201566842340466,"Disagree Resident"
"666",9,0.296212307541382,"Disagree Non-resident"
"667",9,0.281505924948144,"Disagree Non-resident"
"668",5,0.209359250121891,"Disagree Resident"
"669",8,0.244709702873102,"Agree Non-resident"
"670",8,0.239707482745612,"Agree Resident"
"671",4,0.258331966803049,"Agree Resident"
"672",4,0.185589352439841,"Disagree Resident"
"673",3,0.165660292373724,"Agree Non-resident"
"674",3,0.234480910223037,"Agree Resident"
"675",9,0.205661602647342,"Disagree Non-resident"
"676",1,0.201766506685764,"Agree Resident"
"677",10,0.179079780655404,"Disagree Resident"
"678",10,0.155381199849605,"Agree Resident"
"679",2,0.164607485286846,"Agree Resident"
"680",4,0.140749421446407,"Agree Resident"
"681",8,0.32511520718288,"Agree Non-resident"
"682",9,0.191156712207151,"Disagree Non-resident"
"683",8,0.256005707035649,"Agree Non-resident"
"684",8,0.29047273326488,"Agree Resident"
"685",8,0.410719128471768,"Agree Non-resident"
"686",8,0.18245239043002,"Agree Resident"
"687",1,0.148608997363801,"Disagree Resident"
"688",2,0.37123237635438,"Agree Resident"
"689",4,0.160836751512409,"Disagree Resident"
"690",4,0.308372633759266,"Agree Resident"
"691",8,0.237814966885569,"Agree Non-resident"
"692",8,0.378535793935674,"Agree Non-resident"
"693",4,0.493442454156662,"Disagree Non-resident"
"694",4,0.310188960909657,"Disagree Resident"
"695",3,0.263131046113527,"Agree Non-resident"
"696",8,0.248067577912246,"Agree Non-resident"
"697",2,0.210737756714183,"Agree Non-resident"
"698",4,0.16864709010349,"Disagree Resident"
"699",1,0.21373489961781,"Agree Non-resident"
"700",9,0.476033392684893,"Disagree Non-resident"
"701",3,0.187544340734672,"Agree Non-resident"
"702",4,0.208758685804251,"Agree Resident"
"703",7,0.198907988973794,"Disagree Resident"
"704",3,0.280295405479927,"Agree Non-resident"
"705",7,0.227944013316067,"Agree Non-resident"
"706",3,0.270168523708441,"Agree Resident"
"707",4,0.513404744712589,"Disagree Non-resident"
"708",4,0.345008667694695,"Disagree Resident"
"709",4,0.154163966986476,"Agree Resident"
"710",4,0.383717277587495,"Agree Resident"
"711",6,0.494554149041278,"Disagree Non-resident"
"712",8,0.177174493370346,"Agree Non-resident"
"713",6,0.190414716045622,"Agree Non-resident"
"714",10,0.219978177537386,"Agree Resident"
"715",8,0.186515717419356,"Agree Resident"
"716",6,0.335973158578965,"Disagree Non-resident"
"717",9,0.322114769588706,"Disagree Non-resident"
"718",6,0.133192869448272,"Disagree Resident"
"719",3,0.327998292150503,"Agree Non-resident"
"720",1,0.148608997363801,"Disagree Resident"
"721",4,0.521226384294821,"Disagree Resident"
"722",1,0.344169283459249,"Agree Non-resident"
"723",8,0.133811240690316,"Agree Non-resident"
"724",3,0.172960045905134,"Agree Non-resident"
"725",8,0.322200064259987,"Agree Non-resident"
"726",10,0.44791245561595,"Agree Non-resident"
"727",6,0.517464117288584,"Disagree Resident"
"728",9,0.279650368265448,"Agree Non-resident"
"729",10,0.326645157783078,"Disagree Non-resident"
"730",10,0.305246482994949,"Agree Resident"
"731",10,0.201566838953506,"Disagree Resident"
"732",3,0.174419841798975,"Agree Non-resident"
"733",8,0.301360708001391,"Agree Non-resident"
"734",8,0.326176306721887,"Agree Resident"
"735",8,0.212060714256238,"Agree Non-resident"
"736",7,0.175887573767704,"Disagree Resident"
"737",8,0.220254113673727,"Agree Non-resident"
"738",4,0.371892280494411,"Agree Resident"
"739",1,0.201766506685764,"Agree Resident"
"740",5,0.21992102452741,"Agree Resident"
"741",8,0.379359482878444,"Agree Non-resident"
"742",9,0.231001152546198,"Disagree Non-resident"
"743",4,0.366569278445229,"Agree Resident"
"744",8,0.181722605003006,"Agree Resident"
"745",8,0.200346071547876,"Agree Non-resident"
"746",9,0.294821457378118,"Agree Non-resident"
"747",8,0.38089383161395,"Disagree Resident"
"748",6,0.294821503195087,"Disagree Non-resident"
"749",9,0.611081931547307,"Disagree Non-resident"
"750",3,0.24888586866945,"Agree Non-resident"
"751",8,0.243352892364575,"Agree Non-resident"
"752",8,0.260659493328749,"Agree Non-resident"
"753",9,0.167315930080738,"Disagree Non-resident"
"754",9,0.619247340000115,"Disagree Non-resident"
"755",3,0.221682315321106,"Agree Non-resident"
"756",9,0.364232033091345,"Disagree Non-resident"
"757",6,0.391171265848262,"Agree Non-resident"
"758",3,0.188497177611896,"Agree Non-resident"
"759",3,0.183114737950023,"Agree Non-resident"
"760",9,0.23419103207737,"Agree Non-resident"
"761",9,0.542099605404472,"Disagree Non-resident"
"762",1,0.231254715017106,"Agree Resident"
"763",4,0.434747291188286,"Agree Resident"
"764",8,0.240123873510736,"Disagree Non-resident"
"765",8,0.208286230258833,"Agree Non-resident"
"766",8,0.258815248112896,"Agree Non-resident"
"767",6,0.366541458509009,"Disagree Non-resident"
"768",9,0.286203689667907,"Disagree Non-resident"
"769",3,0.206864423705209,"Agree Resident"
"770",1,0.323044115189286,"Agree Non-resident"
"771",6,0.23346663610483,"Disagree Resident"
"772",8,0.231035274679687,"Agree Non-resident"
"773",6,0.253990510336568,"Disagree Non-resident"
"774",6,0.351578260060039,"Disagree Non-resident"
"775",6,0.299329592837105,"Agree Non-resident"
"776",8,0.227705523859819,"Agree Non-resident"
"777",8,0.325948523442322,"Agree Non-resident"
"778",8,0.270657436039789,"Agree Non-resident"
"779",8,0.305686944700638,"Agree Non-resident"
"780",3,0.21658030391413,"Agree Resident"
"781",9,0.233502765975412,"Disagree Non-resident"
"782",8,0.250488675522578,"Agree Non-resident"
"783",8,0.277728759611054,"Disagree Resident"
"784",6,0.227478020132093,"Disagree Non-resident"
"785",6,0.378658974231814,"Disagree Non-resident"
"786",3,0.228552179691066,"Agree Non-resident"
"787",8,0.176081044036835,"Agree Resident"
"788",6,0.241129464982938,"Disagree Resident"
"789",4,0.279713003970535,"Disagree Non-resident"
"790",3,0.326355592343642,"Agree Non-resident"
"791",5,0.296126011668746,"Disagree Non-resident"
"792",3,0.268245427303317,"Agree Non-resident"
"793",10,0.15113721036111,"Disagree Non-resident"
"794",9,0.500651564171486,"Disagree Non-resident"
"795",6,0.527049248546095,"Disagree Non-resident"
"796",3,0.194002010140451,"Agree Non-resident"
"797",9,0.359528081091431,"Disagree Non-resident"
"798",8,0.249610730174713,"Agree Non-resident"
"799",8,0.212814912989938,"Agree Resident"
"800",8,0.230408960262216,"Agree Resident"
"801",3,0.344850986076481,"Agree Non-resident"
"802",8,0.334112174741439,"Agree Non-resident"
"803",6,0.601209097855455,"Disagree Resident"
"804",9,0.643812399341288,"Disagree Non-resident"
"805",8,0.242837283052199,"Agree Resident"
"806",8,0.152098718740002,"Disagree Resident"
"807",8,0.250467796176228,"Agree Non-resident"
"808",3,0.174953736660581,"Agree Non-resident"
"809",8,0.177608481091643,"Agree Non-resident"
"810",1,0.213628204283468,"Agree Non-resident"
"811",1,0.148608997363801,"Disagree Resident"
"812",6,0.271666794928083,"Disagree Resident"
"813",7,0.191071185958253,"Agree Resident"
"814",1,0.247263569603501,"Agree Non-resident"
"815",2,0.255181630589494,"Agree Non-resident"
"816",8,0.153698022488847,"Agree Non-resident"
"817",6,0.241241238808381,"Disagree Non-resident"
"818",8,0.362646337594816,"Agree Non-resident"
"819",4,0.263230289606858,"Agree Resident"
"820",6,0.347733845516743,"Agree Resident"
"821",9,0.303752632018041,"Disagree Non-resident"
"822",9,0.495125281345331,"Disagree Non-resident"
"823",10,0.18353087762716,"Disagree Resident"
"824",9,0.387544674166336,"Disagree Non-resident"
"825",8,0.21797847661704,"Agree Non-resident"
"826",3,0.269305842329148,"Agree Non-resident"
"827",1,0.213628204283468,"Agree Non-resident"
"828",1,0.223834045014731,"Agree Resident"
"829",5,0.201695264637343,"Agree Non-resident"
"830",3,0.32817767872699,"Agree Non-resident"
"831",9,0.442137410911151,"Disagree Non-resident"
"832",4,0.561266591627614,"Disagree Resident"
"833",8,0.21054461629085,"Agree Resident"
"834",3,0.250542138203021,"Agree Resident"
"835",8,0.255647393777682,"Agree Resident"
"836",6,0.242196548831703,"Disagree Non-resident"
"837",4,0.23344049722801,"Disagree Non-resident"
"838",4,0.272389647751836,"Agree Resident"
"839",8,0.230818466428827,"Agree Non-resident"
"840",10,0.201106713941629,"Disagree Resident"
"841",3,0.197692347775542,"Agree Resident"
"842",1,0.20175469444673,"Agree Resident"
"843",6,0.41195764084003,"Disagree Non-resident"
"844",3,0.161885844987495,"Agree Resident"
"845",8,0.179910583612379,"Agree Non-resident"
"846",4,0.205529791554725,"Agree Non-resident"
"847",1,0.323043416225709,"Agree Non-resident"
"848",4,0.185488796883735,"Agree Resident"
"849",9,0.439661347743227,"Disagree Non-resident"
"850",6,0.244864177716721,"Agree Non-resident"
"851",9,0.243184301043442,"Agree Non-resident"
"852",3,0.2325537803588,"Agree Non-resident"
"853",1,0.377877800389091,"Agree Resident"
"854",7,0.202581537874353,"Disagree Non-resident"
"855",8,0.222024124218409,"Agree Resident"
"856",8,0.224831503059866,"Agree Non-resident"
"857",9,0.613575587939442,"Disagree Non-resident"
"858",6,0.257192737026763,"Disagree Non-resident"
"859",8,0.385754147509361,"Agree Non-resident"
"860",10,0.256605310936582,"Agree Non-resident"
"861",8,0.266934049488548,"Agree Non-resident"
"862",2,0.213625225511173,"Agree Resident"
"863",9,0.442110505977338,"Disagree Non-resident"
"864",8,0.280015747806281,"Disagree Non-resident"
"865",6,0.251963817292315,"Agree Non-resident"
"866",6,0.224974522270363,"Disagree Resident"
"867",8,0.27342562738849,"Agree Resident"
"868",1,0.201766506685764,"Agree Resident"
"869",1,0.333932874457146,"Agree Resident"
"870",3,0.170999746305259,"Agree Resident"
"871",10,0.223885686268309,"Agree Non-resident"
"872",8,0.200269958183937,"Agree Resident"
"873",2,0.256035587638361,"Agree Non-resident"
"874",9,0.566091984273774,"Disagree Non-resident"
"875",8,0.240218856012637,"Disagree Resident"
"876",3,0.290640594895056,"Agree Non-resident"
"877",10,0.374438516364932,"Agree Resident"
"878",4,0.26531991274433,"Disagree Resident"
"879",8,0.311909197605503,"Agree Non-resident"
"880",9,0.343651383611148,"Disagree Non-resident"
"881",8,0.257698196825643,"Agree Non-resident"
"882",8,0.298808857249537,"Agree Resident"
"883",8,0.264167325372937,"Agree Resident"
"884",9,0.2984686095615,"Disagree Non-resident"
"885",8,0.223534099375404,"Agree Resident"
"886",8,0.307764235596073,"Agree Resident"
"887",8,0.199196927353763,"Disagree Resident"
"888",9,0.313395920154225,"Agree Non-resident"
"889",9,0.592161965969598,"Disagree Non-resident"
"890",6,0.451739825999198,"Disagree Non-resident"
"891",3,0.181754369656408,"Agree Non-resident"
"892",4,0.221657288575309,"Agree Non-resident"
"893",10,0.192979349263022,"Disagree Non-resident"
"894",4,0.344292407278372,"Agree Non-resident"
"895",10,0.32849086401868,"Disagree Resident"
"896",4,0.2993368085132,"Disagree Resident"
"897",4,0.351330793843542,"Disagree Resident"
"898",8,0.153051484509262,"Disagree Resident"
"899",9,0.321156043914865,"Agree Non-resident"
"900",3,0.196968762588433,"Agree Resident"
"901",4,0.191512972896803,"Agree Non-resident"
"902",8,0.158659862647484,"Agree Resident"
"903",4,0.168375897221067,"Agree Resident"
"904",1,0.33152944480669,"Agree Resident"
"905",9,0.167309738209188,"Disagree Non-resident"
"906",4,0.445481227642722,"Disagree Non-resident"
"907",1,0.213628204283468,"Agree Non-resident"
"908",6,0.485847106601887,"Disagree Resident"
"909",8,0.214533433008625,"Agree Resident"
"910",3,0.196780606608102,"Agree Non-resident"
"911",8,0.214471191242082,"Disagree Resident"
"912",3,0.169042265651416,"Agree Non-resident"
"913",8,0.232260830820282,"Agree Non-resident"
"914",8,0.239541943931768,"Agree Non-resident"
"915",3,0.280175292494911,"Agree Resident"
"916",4,0.309689696354439,"Disagree Resident"
"917",1,0.331529460162797,"Agree Resident"
"918",5,0.202749816302822,"Disagree Resident"
"919",8,0.318541708784446,"Agree Non-resident"
"920",2,0.243283190601286,"Agree Non-resident"
"921",8,0.209758042634496,"Agree Non-resident"
"922",6,0.472019016974505,"Disagree Non-resident"
"923",8,0.265700285506661,"Agree Resident"
"924",3,0.280295405479927,"Agree Non-resident"
"925",8,0.258838753463962,"Agree Resident"
"926",6,0.195710509235461,"Disagree Non-resident"
"927",9,0.297711286518585,"Agree Non-resident"
"928",5,0.237669727487094,"Disagree Resident"
"929",3,0.303637744387153,"Agree Non-resident"
"930",4,0.399481717992403,"Disagree Resident"
"931",4,0.165194367278469,"Agree Non-resident"
"932",7,0.203748180387079,"Disagree Non-resident"
"933",1,0.201766506685764,"Agree Resident"
"934",9,0.228701073380205,"Disagree Non-resident"
"935",2,0.170243636909352,"Agree Resident"
"936",1,0.213628204283468,"Agree Non-resident"
"937",8,0.281035599798583,"Agree Resident"
"938",8,0.311627615798137,"Agree Non-resident"
"939",4,0.207875159980551,"Disagree Resident"
"940",3,0.255321333782316,"Agree Non-resident"
"941",9,0.375909339120371,"Disagree Non-resident"
"942",1,0.148608997363801,"Disagree Resident"
"943",9,0.415307420487706,"Disagree Non-resident"
"944",8,0.397651835386269,"Agree Non-resident"
"945",9,0.468884973540287,"Disagree Non-resident"
"946",3,0.209296991036972,"Agree Non-resident"
"947",9,0.259317709312786,"Disagree Non-resident"
"948",3,0.236960093024865,"Agree Resident"
"949",5,0.219912573864077,"Disagree Resident"
"950",1,0.28398328668206,"Agree Resident"
"951",8,0.262800041283311,"Agree Non-resident"
"952",1,0.203171415045968,"Agree Resident"
"953",3,0.180267436895786,"Agree Resident"
"954",1,0.213628204283468,"Agree Non-resident"
"955",4,0.265922919001082,"Agree Resident"
"956",3,0.256762635616046,"Agree Non-resident"
"957",9,0.401415350473232,"Disagree Non-resident"
"958",10,0.175354886747204,"Agree Non-resident"
"959",2,0.168358239375503,"Agree Resident"
"960",9,0.388939316573202,"Agree Non-resident"
"961",6,0.409520740918918,"Disagree Non-resident"
"962",8,0.245649436546787,"Agree Resident"
"963",4,0.475259640226521,"Disagree Resident"
"964",7,0.335921264442599,"Disagree Resident"
"965",9,0.469532946590465,"Disagree Non-resident"
"966",6,0.19433074459798,"Agree Non-resident"
"967",3,0.220061649854936,"Agree Resident"
"968",6,0.504307721438501,"Disagree Non-resident"
"969",7,0.191119898108282,"Agree Non-resident"
"970",1,0.201766506685764,"Agree Resident"
"971",8,0.171169075170874,"Agree Non-resident"
"972",8,0.287317220555385,"Agree Non-resident"
"973",9,0.167309738209188,"Disagree Non-resident"
"974",1,0.213628204283468,"Agree Non-resident"
"975",6,0.390443119725992,"Disagree Resident"
"976",8,0.362751526624502,"Agree Non-resident"
"977",4,0.36894436638515,"Agree Resident"
"978",4,0.48418837828218,"Agree Non-resident"
"979",2,0.187201511512687,"Agree Non-resident"
"980",9,0.500651564171486,"Disagree Non-resident"
"981",2,0.225358065989274,"Agree Non-resident"
"982",6,0.541908784194866,"Disagree Non-resident"
"983",8,0.170349001479958,"Agree Non-resident"
"984",8,0.243952414801493,"Agree Resident"
"985",4,0.428277723354946,"Disagree Non-resident"
"986",2,0.255196989134925,"Agree Non-resident"
"987",8,0.159443662677154,"Agree Non-resident"
"988",4,0.253713424762185,"Disagree Non-resident"
"989",1,0.443302169770224,"Agree Non-resident"
"990",9,0.337752309102191,"Disagree Non-resident"
"991",4,0.191527595796562,"Agree Resident"
"992",9,0.281509950952869,"Agree Non-resident"
"993",7,0.191673151450809,"Disagree Resident"
"994",8,0.425568465118714,"Agree Non-resident"
"995",3,0.205552678464714,"Agree Non-resident"
"996",8,0.217719298555666,"Agree Resident"
"997",6,0.393112703252294,"Disagree Resident"
"998",1,0.266642588354192,"Agree Non-resident"
"999",4,0.222479481781606,"Agree Non-resident"
"1000",3,0.240419085212398,"Agree Non-resident"
"1001",1,0.20531786033874,"Agree Resident"
"1002",4,0.22984955458848,"Disagree Non-resident"
"1003",1,0.148608997363801,"Disagree Resident"
"1004",8,0.219873244604807,"Agree Non-resident"
"1005",6,0.238792791190572,"Disagree Non-resident"
"1006",9,0.266381188187975,"Agree Non-resident"
"1007",6,0.364761021018133,"Disagree Resident"
"1008",5,0.247765163625263,"Agree Non-resident"
"1009",5,0.16269051013005,"Agree Non-resident"
"1010",8,0.177608481091643,"Agree Non-resident"
"1011",2,0.278728540428122,"Agree Non-resident"
"1012",3,0.232445485035131,"Agree Non-resident"
"1013",8,0.166247946823796,"Disagree Resident"
"1014",4,0.713167843753963,"Agree Resident"
"1015",3,0.245749183272376,"Agree Resident"
"1016",8,0.224301310084283,"Agree Non-resident"
"1017",4,0.353214576026542,"Agree Resident"
"1018",3,0.249968125284236,"Agree Resident"
"1019",6,0.238314088036677,"Agree Non-resident"
"1020",4,0.370989921196402,"Agree Resident"
"1021",10,0.407104206312236,"Disagree Non-resident"
"1022",3,0.252790252111256,"Agree Non-resident"
"1023",1,0.201754694446936,"Agree Resident"
"1024",9,0.624329144288747,"Disagree Non-resident"
"1025",8,0.245268753837799,"Agree Non-resident"
"1026",8,0.223571145907738,"Disagree Resident"
"1027",5,0.222268116489126,"Disagree Non-resident"
"1028",5,0.237620916388843,"Disagree Resident"
"1029",8,0.179332054492782,"Agree Non-resident"
"1030",8,0.216002364405615,"Agree Non-resident"
"1031",9,0.516970476824636,"Disagree Non-resident"
"1032",2,0.195269086214224,"Agree Non-resident"
"1033",4,0.196204258544956,"Agree Non-resident"
"1034",1,0.219688006804295,"Agree Resident"
"1035",4,0.404756003634927,"Disagree Non-resident"
"1036",3,0.21998471508627,"Agree Resident"
"1037",4,0.26404710274625,"Disagree Resident"
"1038",2,0.190294945849852,"Agree Non-resident"
"1039",3,0.220061649848353,"Agree Resident"
"1040",2,0.170090995984659,"Agree Non-resident"
"1041",3,0.290339528723349,"Agree Resident"
"1042",6,0.239377192425829,"Disagree Non-resident"
"1043",1,0.213628204283468,"Agree Non-resident"
"1044",2,0.32354490322743,"Agree Non-resident"
"1045",3,0.251445521831363,"Agree Non-resident"
"1046",4,0.294828398462018,"Disagree Resident"
"1047",1,0.33021327859819,"Agree Resident"
"1048",7,0.341717429290183,"Agree Non-resident"
"1049",7,0.197587362669149,"Disagree Non-resident"
"1050",9,0.181545244339197,"Disagree Non-resident"
"1051",3,0.188308930121914,"Agree Non-resident"
"1052",6,0.222314201759077,"Disagree Resident"
"1053",8,0.273211270799579,"Agree Non-resident"
"1054",7,0.137928234246091,"Disagree Resident"
"1055",9,0.220982387511534,"Disagree Non-resident"
"1056",3,0.248065191309553,"Agree Non-resident"
"1057",10,0.2859378106285,"Agree Resident"
"1058",4,0.251714336326705,"Agree Resident"
"1059",7,0.144140955193282,"Agree Non-resident"
"1060",4,0.315567642734437,"Agree Non-resident"
"1061",9,0.322613036095215,"Disagree Non-resident"
"1062",6,0.425428367591724,"Disagree Non-resident"
"1063",8,0.291112810113301,"Agree Non-resident"
"1064",6,0.324134776374906,"Disagree Non-resident"
"1065",1,0.284021244941008,"Agree Resident"
"1066",4,0.350059836172395,"Disagree Resident"
"1067",10,0.689675420550982,"Agree Resident"
"1068",4,0.498140669220572,"Agree Resident"
"1069",5,0.176480287874137,"Disagree Resident"
"1070",1,0.21373489961781,"Agree Non-resident"
"1071",3,0.183784905553321,"Agree Resident"
"1072",10,0.260456909714119,"Agree Resident"
"1073",10,0.159045397217043,"Disagree Resident"
"1074",2,0.146590210897802,"Agree Resident"
"1075",9,0.27695989197229,"Disagree Non-resident"
"1076",4,0.168715406110722,"Agree Non-resident"
"1077",4,0.222387597074648,"Agree Non-resident"
"1078",4,0.279271173080798,"Disagree Resident"
"1079",9,0.167309738209188,"Disagree Non-resident"
"1080",6,0.221367234673516,"Disagree Non-resident"
"1081",8,0.268317197678083,"Agree Resident"
"1082",4,0.452307053804345,"Disagree Resident"
"1083",3,0.247481083296086,"Agree Non-resident"
"1084",4,0.216327370332586,"Agree Resident"
"1085",8,0.220225737585743,"Agree Non-resident"
"1086",9,0.301881120691855,"Disagree Non-resident"
"1087",4,0.243904363430901,"Disagree Resident"
"1088",3,0.228430090525523,"Agree Non-resident"
"1089",8,0.253402915915578,"Agree Non-resident"
"1090",10,0.242435066135139,"Agree Resident"
"1091",4,0.644803051266019,"Disagree Non-resident"
"1092",8,0.179496353822374,"Agree Resident"
"1093",8,0.281490914591944,"Agree Non-resident"
"1094",3,0.265124152804251,"Agree Non-resident"
"1095",1,0.243074725847113,"Agree Resident"
"1096",10,0.236135635306693,"Agree Resident"
"1097",1,0.201766506685764,"Agree Resident"
"1098",3,0.229819940436868,"Agree Non-resident"
"1099",2,0.255121520427969,"Agree Resident"
"1100",2,0.190296531886065,"Agree Non-resident"
"1101",10,0.271880406351422,"Disagree Resident"
"1102",8,0.236733728680685,"Agree Resident"
"1103",8,0.284425770524059,"Agree Non-resident"
"1104",9,0.167309738209188,"Disagree Non-resident"
"1105",2,0.255121514886509,"Agree Resident"
"1106",5,0.216925105018926,"Disagree Resident"
"1107",5,0.255754810264437,"Agree Non-resident"
"1108",6,0.255549940076907,"Disagree Resident"
"1109",10,0.658147668704796,"Disagree Resident"
"1110",6,0.272751535647185,"Disagree Non-resident"
"1111",8,0.404191686983237,"Agree Non-resident"
"1112",4,0.621908113525913,"Agree Resident"
"1113",8,0.190716257503368,"Agree Resident"
"1114",3,0.286615860207589,"Agree Non-resident"
"1115",2,0.185293767929918,"Agree Non-resident"
"1116",8,0.193657019213953,"Agree Non-resident"
"1117",3,0.186289133021116,"Agree Resident"
"1118",4,0.431598219649275,"Agree Resident"
"1119",6,0.198734078853537,"Agree Resident"
"1120",2,0.151469402229511,"Agree Non-resident"
"1121",6,0.193991051763373,"Agree Resident"
"1122",6,0.687894135949101,"Disagree Resident"
"1123",1,0.21373489961781,"Agree Non-resident"
"1124",9,0.378352932028863,"Agree Non-resident"
"1125",8,0.298289190167351,"Agree Non-resident"
"1126",9,0.345416576381835,"Disagree Non-resident"
"1127",3,0.251743896822633,"Agree Resident"
"1128",1,0.392904786990261,"Agree Resident"
"1129",3,0.192963282430672,"Agree Non-resident"
"1130",3,0.206344417743733,"Agree Resident"
"1131",1,0.187372188534152,"Agree Non-resident"
"1132",4,0.22309493731136,"Agree Non-resident"
"1133",3,0.213660472186387,"Agree Resident"
"1134",2,0.312378611370101,"Agree Non-resident"
"1135",8,0.175445648608098,"Agree Resident"
"1136",6,0.334683163294575,"Disagree Resident"
"1137",1,0.148608997363801,"Disagree Resident"
"1138",8,0.250065143935257,"Agree Non-resident"
"1139",9,0.238706220901985,"Agree Non-resident"
"1140",4,0.253838243119578,"Disagree Resident"
"1141",1,0.213735131332507,"Agree Non-resident"
"1142",3,0.220061649848353,"Agree Resident"
"1143",7,0.223645110656453,"Agree Non-resident"
"1144",7,0.259103886749297,"Disagree Non-resident"
"1145",8,0.283375299772972,"Agree Resident"
"1146",1,0.293491561394871,"Agree Non-resident"
"1147",4,0.343333179309371,"Agree Non-resident"
"1148",7,0.372766120944123,"Disagree Non-resident"
"1149",3,0.205304845021874,"Agree Resident"
"1150",8,0.204307949105053,"Disagree Resident"
"1151",4,0.378239964863142,"Disagree Resident"
"1152",1,0.176005185063163,"Agree Non-resident"
"1153",8,0.220225737585743,"Agree Non-resident"
"1154",3,0.157353316481112,"Agree Non-resident"
"1155",4,0.626429280158091,"Agree Resident"
"1156",6,0.40474244720885,"Agree Non-resident"
"1157",1,0.331529444807163,"Agree Resident"
"1158",5,0.212680243677142,"Disagree Resident"
"1159",3,0.220061716663133,"Agree Resident"
"1160",6,0.323576208398028,"Disagree Resident"
"1161",3,0.187926896316194,"Disagree Non-resident"
"1162",5,0.357069653507793,"Agree Resident"
"1163",4,0.3448455028085,"Disagree Resident"
"1164",8,0.159492017030232,"Agree Non-resident"
"1165",8,0.272976277684846,"Agree Resident"
"1166",6,0.194773835660276,"Agree Non-resident"
"1167",4,0.25535995862981,"Agree Non-resident"
"1168",4,0.187674433267721,"Agree Resident"
"1169",8,0.267300722730983,"Agree Non-resident"
"1170",8,0.243952414801493,"Agree Resident"
"1171",8,0.454013082940175,"Agree Non-resident"
"1172",3,0.340171516516374,"Agree Resident"
"1173",5,0.192771766783674,"Disagree Resident"
"1174",4,0.255380575171864,"Disagree Resident"
"1175",6,0.565306447426754,"Agree Non-resident"
"1176",1,0.293800083085966,"Agree Resident"
"1177",6,0.196855554026653,"Disagree Non-resident"
"1178",7,0.166536791047334,"Disagree Non-resident"
"1179",5,0.177927343043443,"Disagree Non-resident"
"1180",8,0.169728802713145,"Agree Resident"
"1181",1,0.213735132820452,"Agree Non-resident"
"1182",5,0.224160290396665,"Disagree Non-resident"
"1183",1,0.34416928345804,"Agree Non-resident"
"1184",8,0.266985652299758,"Disagree Resident"
"1185",7,0.229572888688869,"Agree Resident"
"1186",4,0.186490742732295,"Disagree Resident"
"1187",7,0.285717905964907,"Disagree Resident"
"1188",8,0.215702614125155,"Agree Non-resident"
"1189",2,0.234339399393956,"Agree Resident"
"1190",8,0.282905968173849,"Agree Non-resident"
"1191",8,0.182675993976543,"Agree Resident"
"1192",4,0.204308729778156,"Disagree Non-resident"
"1193",8,0.284107769056934,"Agree Resident"
"1194",8,0.188500048071133,"Disagree Resident"
"1195",1,0.193853047369513,"Agree Non-resident"
"1196",8,0.466567589033938,"Agree Non-resident"
"1197",1,0.361199395709362,"Agree Non-resident"
"1198",4,0.392498002574483,"Disagree Resident"
"1199",10,0.163396399963285,"Disagree Non-resident"
"1200",5,0.191721368213811,"Agree Non-resident"
"1201",3,0.206117649548561,"Agree Non-resident"
"1202",6,0.253909279279034,"Disagree Non-resident"
"1203",3,0.304506074776163,"Agree Resident"
"1204",3,0.29218219849291,"Agree Non-resident"
"1205",8,0.348745897021021,"Agree Non-resident"
"1206",8,0.171373517431193,"Agree Non-resident"
"1207",3,0.216352238295351,"Agree Resident"
"1208",8,0.249067114862907,"Agree Non-resident"
"1209",7,0.27304775833983,"Disagree Resident"
"1210",4,0.456297180154131,"Agree Resident"
"1211",8,0.259018806665171,"Agree Resident"
"1212",8,0.199728646758816,"Agree Non-resident"
"1213",9,0.177898738595642,"Disagree Non-resident"
"1214",9,0.570907775487335,"Disagree Non-resident"
"1215",6,0.483233881939093,"Agree Non-resident"
"1216",8,0.214378666539304,"Agree Non-resident"
"1217",1,0.364839166819729,"Agree Non-resident"
"1218",9,0.45329168332834,"Disagree Non-resident"
"1219",3,0.294509911545695,"Agree Resident"
"1220",9,0.136301758303689,"Agree Non-resident"
"1221",8,0.220945015481875,"Agree Non-resident"
"1222",8,0.29078922514858,"Agree Non-resident"
"1223",3,0.335951852775758,"Agree Non-resident"
"1224",8,0.430998107426504,"Agree Non-resident"
"1225",9,0.255324775416493,"Agree Non-resident"
"1226",3,0.232553781491851,"Agree Non-resident"
"1227",6,0.200223136384608,"Disagree Resident"
"1228",8,0.228263045459078,"Agree Non-resident"
"1229",4,0.235296004179579,"Disagree Non-resident"
"1230",8,0.239012707364719,"Agree Resident"
"1231",2,0.190294937524822,"Agree Non-resident"
"1232",8,0.253387186201544,"Agree Non-resident"
"1233",1,0.213628204283468,"Agree Non-resident"
"1234",6,0.412850669558489,"Disagree Non-resident"
"1235",9,0.556956256553751,"Disagree Non-resident"
"1236",5,0.171046895457495,"Agree Non-resident"
"1237",1,0.213628204283468,"Agree Non-resident"
"1238",8,0.262617829721231,"Agree Non-resident"
"1239",2,0.167861384825726,"Agree Resident"
"1240",3,0.232553585675742,"Agree Non-resident"
"1241",6,0.498450800932926,"Disagree Non-resident"
"1242",3,0.232445485035131,"Agree Non-resident"
"1243",3,0.259954720337191,"Agree Non-resident"
"1244",9,0.231001144379886,"Disagree Non-resident"
"1245",9,0.366908545807135,"Disagree Non-resident"
"1246",1,0.184108318242082,"Agree Non-resident"
"1247",9,0.493777484707785,"Disagree Non-resident"
"1248",3,0.17827155543432,"Agree Resident"
"1249",6,0.273653224498275,"Disagree Non-resident"
"1250",6,0.20790823315917,"Disagree Non-resident"
"1251",3,0.274148720556608,"Agree Non-resident"
"1252",1,0.250999290900152,"Agree Non-resident"
"1253",9,0.18827912871206,"Disagree Non-resident"
"1254",8,0.316523160192115,"Agree Non-resident"
"1255",6,0.174189624946667,"Disagree Resident"
"1256",3,0.33737187741855,"Agree Non-resident"
"1257",10,0.184152000225594,"Agree Resident"
"1258",1,0.21373489961781,"Agree Non-resident"
"1259",2,0.255181654929453,"Agree Non-resident"
"1260",1,0.360694520430372,"Agree Non-resident"
"1261",8,0.20213633476461,"Agree Resident"
"1262",8,0.202277129013394,"Agree Resident"
"1263",8,0.214080036395497,"Disagree Resident"
"1264",3,0.299109674279669,"Agree Non-resident"
"1265",5,0.219265819125894,"Disagree Resident"
"1266",6,0.243463087731654,"Agree Resident"
"1267",5,0.217875170034113,"Agree Non-resident"
"1268",10,0.205531355702646,"Agree Resident"
"1269",8,0.404001131023371,"Agree Non-resident"
"1270",8,0.242908901774,"Disagree Resident"
"1271",1,0.14860597933449,"Disagree Resident"
"1272",3,0.253878328163318,"Agree Non-resident"
"1273",8,0.201935172872026,"Agree Resident"
"1274",4,0.410913040615696,"Agree Non-resident"
"1275",2,0.216795184327963,"Agree Non-resident"
"1276",6,0.576265454458611,"Disagree Non-resident"
"1277",8,0.245455848225549,"Agree Non-resident"
"1278",9,0.340630687087718,"Agree Non-resident"
"1279",8,0.152240435580921,"Agree Resident"
"1280",8,0.217330708042059,"Agree Non-resident"
"1281",8,0.304428159026004,"Agree Non-resident"
"1282",6,0.173204659171766,"Agree Resident"
"1283",10,0.213782365649731,"Agree Non-resident"
"1284",6,0.326835999724095,"Disagree Non-resident"
"1285",4,0.237984354369228,"Disagree Non-resident"
"1286",3,0.25017960363197,"Agree Non-resident"
"1287",1,0.213628204283468,"Agree Non-resident"
"1288",7,0.1916725799989,"Disagree Resident"
"1289",9,0.44936883351421,"Disagree Non-resident"
"1290",3,0.232467114589821,"Agree Non-resident"
"1291",8,0.214621203902553,"Agree Non-resident"
"1292",8,0.205455552320212,"Agree Non-resident"
"1293",6,0.199083781377983,"Agree Non-resident"
"1294",1,0.213628204283468,"Agree Non-resident"
"1295",4,0.223533397236945,"Agree Resident"
"1296",4,0.348918054764606,"Disagree Resident"
"1297",1,0.44555020856101,"Agree Non-resident"
"1298",3,0.328177678678958,"Agree Non-resident"
"1299",7,0.224482503061138,"Disagree Non-resident"
"1300",8,0.203190670963773,"Agree Resident"
"1301",9,0.512694622154317,"Disagree Non-resident"
"1302",9,0.167315930080729,"Disagree Non-resident"
"1303",1,0.346364995802035,"Agree Resident"
"1304",9,0.35593600980497,"Disagree Non-resident"
"1305",8,0.513716566641592,"Agree Non-resident"
"1306",10,0.216781291957024,"Agree Non-resident"
"1307",8,0.203824773739029,"Agree Non-resident"
"1308",1,0.344162104650336,"Agree Non-resident"
"1309",8,0.174806452046719,"Disagree Resident"
"1310",2,0.309261777999312,"Agree Resident"
"1311",3,0.176965951992769,"Agree Resident"
"1312",1,0.201754694447003,"Agree Resident"
"1313",8,0.272250967374958,"Agree Resident"
"1314",6,0.201616176263051,"Agree Non-resident"
"1315",8,0.235589853809441,"Agree Non-resident"
"1316",4,0.351972966563655,"Disagree Non-resident"
"1317",8,0.196270489941467,"Agree Non-resident"
"1318",8,0.269464288517844,"Agree Resident"
"1319",5,0.22318961739226,"Disagree Resident"
"1320",6,0.431444825746271,"Disagree Non-resident"
"1321",3,0.174418798445664,"Agree Non-resident"
"1322",5,0.263017026300193,"Disagree Non-resident"
"1323",2,0.257060131413841,"Agree Resident"
"1324",8,0.229785846328458,"Agree Non-resident"
"1325",5,0.223396653203759,"Disagree Non-resident"
"1326",9,0.43716081437855,"Disagree Non-resident"
"1327",8,0.306159004048196,"Agree Resident"
"1328",8,0.29191337224077,"Agree Resident"
"1329",9,0.556177842145224,"Disagree Non-resident"
"1330",4,0.203063856306637,"Agree Non-resident"
"1331",3,0.350576979534805,"Agree Resident"
"1332",6,0.264098141733058,"Agree Non-resident"
"1333",9,0.178186278750853,"Agree Non-resident"
"1334",8,0.250174079594872,"Agree Resident"
"1335",10,0.196678200237841,"Disagree Resident"
"1336",8,0.1655153829667,"Agree Non-resident"
"1337",6,0.232594769426155,"Disagree Resident"
"1338",2,0.255146476435307,"Agree Non-resident"
"1339",3,0.290640594895056,"Agree Non-resident"
"1340",4,0.273723809012447,"Disagree Resident"
"1341",9,0.356096885020385,"Disagree Non-resident"
"1342",5,0.384247692642159,"Agree Non-resident"
"1343",9,0.288501339023591,"Disagree Non-resident"
"1344",8,0.256814430821958,"Agree Resident"
"1345",10,0.185701571135126,"Disagree Resident"
"1346",6,0.383029126299723,"Disagree Non-resident"
"1347",2,0.148047390671312,"Disagree Non-resident"
"1348",9,0.196786156194638,"Agree Non-resident"
"1349",2,0.14061184309284,"Agree Resident"
"1350",8,0.186429138584624,"Agree Resident"
"1351",8,0.177608481091643,"Agree Non-resident"
"1352",8,0.213350264535806,"Disagree Resident"
"1353",8,0.211515944145678,"Agree Resident"
"1354",9,0.374752368182054,"Disagree Non-resident"
"1355",9,0.170792407044565,"Agree Resident"
"1356",3,0.178105115048818,"Agree Resident"
"1357",3,0.229171877064927,"Agree Resident"
"1358",9,0.321939733245587,"Disagree Non-resident"
"1359",3,0.277587483172311,"Agree Non-resident"
"1360",8,0.324599093377322,"Agree Resident"
"1361",3,0.278616975512405,"Agree Resident"
"1362",1,0.284424843669944,"Disagree Resident"
"1363",2,0.240578928153351,"Agree Non-resident"
"1364",3,0.254179105673924,"Agree Resident"
"1365",9,0.167309738209188,"Disagree Non-resident"
"1366",9,0.535376951521451,"Disagree Non-resident"
"1367",8,0.253387186201544,"Agree Non-resident"
"1368",5,0.218185097393847,"Disagree Resident"
"1369",6,0.304719158362388,"Agree Resident"
"1370",2,0.17794986883695,"Agree Non-resident"
"1371",4,0.156967246002551,"Disagree Resident"
"1372",1,0.213628204283468,"Agree Non-resident"
"1373",6,0.312928754853027,"Disagree Resident"
"1374",1,0.213628204283468,"Agree Non-resident"
"1375",8,0.309738782953596,"Agree Resident"
"1376",4,0.367089998284838,"Disagree Non-resident"
"1377",6,0.261463272094339,"Disagree Resident"
"1378",8,0.308437116594576,"Agree Non-resident"
"1379",5,0.168642302551471,"Disagree Non-resident"
"1380",6,0.245802105998148,"Agree Non-resident"
"1381",1,0.206415489647786,"Agree Resident"
"1382",8,0.21716553671005,"Agree Non-resident"
"1383",4,0.255130379926536,"Agree Non-resident"
"1384",9,0.271713645302753,"Agree Non-resident"
"1385",8,0.180429302605771,"Agree Resident"
"1386",8,0.52002081874964,"Agree Resident"
"1387",4,0.559696114386874,"Disagree Resident"
"1388",3,0.235308501761907,"Agree Resident"
"1389",5,0.233253452838809,"Disagree Non-resident"
"1390",6,0.648209333509583,"Disagree Resident"
"1391",10,0.337750294397056,"Agree Non-resident"
"1392",3,0.216353258071834,"Agree Resident"
"1393",2,0.16881209581047,"Agree Non-resident"
"1394",2,0.19376297579417,"Disagree Non-resident"
"1395",8,0.297857208464707,"Agree Non-resident"
"1396",8,0.15378349652134,"Agree Resident"
"1397",6,0.516670167869748,"Disagree Non-resident"
"1398",4,0.207251932696691,"Agree Non-resident"
"1399",7,0.177384266811553,"Disagree Non-resident"
"1400",8,0.144425811191836,"Agree Non-resident"
"1401",7,0.188227433155194,"Disagree Resident"
"1402",8,0.176646293639338,"Agree Non-resident"
"1403",9,0.628878346355203,"Disagree Non-resident"
"1404",6,0.279218996488711,"Disagree Non-resident"
"1405",1,0.384744406510534,"Agree Non-resident"
"1406",1,0.213628204283468,"Agree Non-resident"
"1407",1,0.293495846630482,"Agree Non-resident"
"1408",8,0.250065143935257,"Agree Non-resident"
"1409",2,0.255272289795759,"Agree Non-resident"
"1410",4,0.525686042275648,"Disagree Resident"
"1411",3,0.324881392403776,"Agree Non-resident"
"1412",4,0.323814481702795,"Disagree Non-resident"
"1413",2,0.282832546848274,"Agree Resident"
"1414",1,0.201766506685764,"Agree Resident"
"1415",2,0.170092422561641,"Agree Non-resident"
"1416",9,0.167315930080728,"Disagree Non-resident"
"1417",3,0.245611140060572,"Agree Non-resident"
"1418",6,0.328673121960572,"Disagree Resident"
"1419",10,0.297564573690185,"Disagree Resident"
"1420",8,0.243865469610495,"Agree Resident"
"1421",5,0.254039176368153,"Disagree Resident"
"1422",8,0.219711193962299,"Agree Resident"
"1423",8,0.264511203334038,"Disagree Non-resident"
"1424",10,0.255574985826032,"Disagree Resident"
"1425",6,0.259201259891861,"Disagree Non-resident"
"1426",6,0.35443511115074,"Agree Non-resident"
"1427",9,0.392251747458572,"Disagree Non-resident"
"1428",8,0.222283277073668,"Agree Non-resident"
"1429",9,0.518276133021767,"Disagree Non-resident"
"1430",8,0.185739079331953,"Agree Non-resident"
"1431",5,0.237397202253798,"Disagree Resident"
"1432",6,0.662821727167218,"Disagree Non-resident"
"1433",8,0.227998466748613,"Agree Non-resident"
"1434",8,0.275610679535513,"Agree Non-resident"
"1435",4,0.241426221879345,"Disagree Non-resident"
"1436",1,0.213628204283468,"Agree Non-resident"
"1437",4,0.226951879736995,"Agree Non-resident"
"1438",8,0.224166902520859,"Agree Resident"
"1439",1,0.213735119999763,"Agree Non-resident"
"1440",8,0.254665907486274,"Agree Non-resident"
"1441",8,0.27249764674904,"Agree Non-resident"
"1442",4,0.49123128933742,"Agree Resident"
"1443",5,0.175807203011678,"Disagree Resident"
"1444",8,0.391868973438723,"Agree Resident"
"1445",9,0.311919454647368,"Disagree Non-resident"
"1446",3,0.180199638652074,"Agree Non-resident"
"1447",4,0.261790452535787,"Disagree Resident"
"1448",9,0.196660250842515,"Disagree Non-resident"
"1449",2,0.186757461600702,"Agree Resident"
"1450",1,0.213628204283468,"Agree Non-resident"
"1451",9,0.324619190593797,"Agree Non-resident"
"1452",8,0.329894176013106,"Agree Non-resident"
"1453",8,0.2022710985871,"Disagree Non-resident"
"1454",9,0.186920516555711,"Disagree Non-resident"
"1455",4,0.39335941354841,"Disagree Resident"
"1456",10,0.18190389541652,"Disagree Non-resident"
"1457",1,0.201754694446936,"Agree Resident"
"1458",3,0.202771775161267,"Agree Resident"
"1459",9,0.516100617594075,"Disagree Non-resident"
"1460",9,0.16583595000797,"Agree Non-resident"
"1461",3,0.169433921606713,"Agree Non-resident"
"1462",4,0.303420765344299,"Disagree Resident"
"1463",9,0.223988860174013,"Disagree Non-resident"
"1464",3,0.239242476881383,"Agree Non-resident"
"1465",7,0.157764461763047,"Agree Non-resident"
"1466",7,0.270185159890141,"Agree Non-resident"
"1467",3,0.28133697138201,"Agree Non-resident"
"1468",8,0.17568842614885,"Agree Non-resident"
"1469",9,0.496668480050703,"Disagree Non-resident"
"1470",1,0.213628204283468,"Agree Non-resident"
"1471",2,0.190296049370239,"Agree Non-resident"
"1472",3,0.16122467953639,"Agree Resident"
"1473",9,0.399030862196124,"Disagree Non-resident"
"1474",8,0.246110904473541,"Agree Non-resident"
"1475",3,0.172687072646043,"Agree Non-resident"
"1476",8,0.242134504005834,"Agree Non-resident"
"1477",9,0.231001152546198,"Disagree Non-resident"
"1478",8,0.329129004919794,"Disagree Resident"
"1479",7,0.309164377997367,"Disagree Non-resident"
"1480",8,0.273466082217528,"Agree Non-resident"
"1481",7,0.223645482655134,"Agree Non-resident"
"1482",3,0.178466874465948,"Disagree Resident"
"1483",7,0.281092737791118,"Disagree Non-resident"
"1484",4,0.317964483675951,"Disagree Resident"
"1485",2,0.257404281610603,"Agree Non-resident"
"1486",3,0.203246688982489,"Agree Resident"
"1487",6,0.27669666633087,"Disagree Non-resident"
"1488",10,0.258511739994455,"Agree Non-resident"
"1489",6,0.287622125904279,"Agree Resident"
"1490",1,0.213735119999763,"Agree Non-resident"
"1491",8,0.142117047831732,"Agree Non-resident"
"1492",6,0.308954025713812,"Agree Non-resident"
"1493",3,0.220061649854936,"Agree Resident"
"1494",8,0.299363675977359,"Agree Resident"
"1495",1,0.21373489961781,"Agree Non-resident"
"1496",3,0.232553585675742,"Agree Non-resident"
"1497",4,0.266523950126921,"Agree Resident"
"1498",3,0.232553585668352,"Agree Non-resident"
"1499",8,0.171923466165723,"Disagree Non-resident"
"1500",6,0.446771259750338,"Disagree Non-resident"
"1501",4,0.28981328175896,"Disagree Resident"
"1502",8,0.208711666167657,"Agree Resident"
"1503",4,0.286405310478083,"Agree Resident"
"1504",8,0.321607735988168,"Agree Resident"
"1505",6,0.364644529576472,"Agree Non-resident"
"1506",2,0.255455852165294,"Agree Resident"
"1507",9,0.201130705230773,"Agree Non-resident"
"1508",2,0.189078717776833,"Agree Resident"
"1509",9,0.305496209533059,"Disagree Non-resident"
"1510",9,0.562448366883782,"Disagree Non-resident"
"1511",6,0.228947623585891,"Disagree Resident"
"1512",9,0.661766490110453,"Disagree Non-resident"
"1513",6,0.24033833441975,"Disagree Resident"
"1514",3,0.170265376358845,"Agree Non-resident"
"1515",8,0.22323195265897,"Agree Resident"
"1516",2,0.198702554374743,"Disagree Resident"
"1517",1,0.182252987039251,"Agree Non-resident"
"1518",4,0.28740312983463,"Disagree Resident"
"1519",9,0.448973018765907,"Disagree Non-resident"
"1520",4,0.336445990619656,"Agree Resident"
"1521",8,0.280051838180044,"Agree Non-resident"
"1522",4,0.302004986262321,"Disagree Non-resident"
"1523",3,0.297077062079815,"Agree Resident"
"1524",9,0.247344482841842,"Agree Non-resident"
"1525",2,0.188468878499301,"Agree Resident"
"1526",8,0.18380750066718,"Agree Non-resident"
"1527",10,0.177450886765644,"Disagree Resident"
"1528",8,0.232852614495193,"Agree Non-resident"
"1529",3,0.311815601618664,"Agree Non-resident"
"1530",4,0.49813888510965,"Agree Resident"
"1531",8,0.355653411126727,"Agree Non-resident"
"1532",8,0.474785037236118,"Agree Non-resident"
"1533",1,0.21373489961781,"Agree Non-resident"
"1534",10,0.199027269367508,"Disagree Resident"
"1535",7,0.295271133569388,"Disagree Non-resident"
"1536",1,0.374643159550112,"Agree Non-resident"
"1537",3,0.199440578260272,"Agree Resident"
"1538",9,0.189135002905384,"Agree Non-resident"
"1539",8,0.229201535447893,"Agree Resident"
"1540",1,0.344162049790967,"Agree Non-resident"
"1541",1,0.148608997363801,"Disagree Resident"
"1542",6,0.348887198418548,"Disagree Non-resident"
"1543",2,0.164905833693355,"Agree Non-resident"
"1544",4,0.179462785874266,"Agree Non-resident"
"1545",2,0.255121711414168,"Agree Resident"
"1546",1,0.331539874367427,"Agree Resident"
"1547",1,0.249594083683391,"Agree Non-resident"
"1548",4,0.270082013525876,"Agree Resident"
"1549",8,0.259922819566699,"Disagree Resident"
"1550",4,0.244255452455856,"Disagree Non-resident"
"1551",9,0.417518749393276,"Disagree Non-resident"
"1552",8,0.207046403762407,"Disagree Resident"
"1553",4,0.281326224211261,"Disagree Resident"
"1554",3,0.254666891399757,"Agree Non-resident"
"1555",3,0.218964523973566,"Agree Non-resident"
"1556",9,0.188284779212589,"Disagree Non-resident"
"1557",3,0.254426322124572,"Agree Non-resident"
"1558",6,0.366943760418509,"Disagree Non-resident"
"1559",1,0.247647085617453,"Agree Non-resident"
"1560",8,0.203946422619687,"Agree Resident"
"1561",9,0.31423177114629,"Agree Non-resident"
"1562",4,0.295421117248329,"Agree Resident"
"1563",9,0.628389916642806,"Disagree Non-resident"
"1564",8,0.181100740132597,"Agree Resident"
"1565",8,0.26729483333504,"Agree Non-resident"
"1566",8,0.181987226498615,"Disagree Non-resident"
"1567",4,0.277150711151189,"Disagree Resident"
"1568",6,0.169276643142656,"Agree Non-resident"
"1569",9,0.33371818174695,"Disagree Non-resident"
"1570",3,0.343415968647901,"Agree Non-resident"
"1571",8,0.261616363430635,"Agree Non-resident"
"1572",6,0.26357894861799,"Agree Non-resident"
"1573",4,0.521464133711994,"Agree Resident"
"1574",3,0.174156711472338,"Agree Non-resident"
"1575",6,0.314978295202414,"Disagree Resident"
"1576",8,0.356965105333152,"Agree Resident"
"1577",7,0.217206806234326,"Disagree Non-resident"
"1578",4,0.233440437958063,"Disagree Non-resident"
"1579",8,0.389123576559959,"Agree Non-resident"
"1580",9,0.339133335254138,"Disagree Non-resident"
"1581",3,0.213930283988529,"Agree Non-resident"
"1582",5,0.202362951501147,"Agree Non-resident"
"1583",3,0.182036573868013,"Agree Non-resident"
"1584",6,0.238812064516575,"Agree Resident"
"1585",3,0.269658649489471,"Agree Non-resident"
"1586",3,0.23255375343319,"Agree Non-resident"
"1587",2,0.254924013776213,"Agree Resident"
"1588",4,0.179486810112986,"Disagree Non-resident"
"1589",4,0.354526701687118,"Disagree Resident"
"1590",9,0.500592178261052,"Disagree Non-resident"
"1591",8,0.230408960262216,"Agree Resident"
"1592",8,0.250065143935257,"Agree Non-resident"
"1593",2,0.170590516938678,"Disagree Non-resident"
"1594",4,0.462982499206362,"Disagree Resident"
"1595",4,0.272667746772706,"Agree Resident"
"1596",7,0.211925335234368,"Disagree Non-resident"
"1597",8,0.328715478337109,"Agree Non-resident"
"1598",6,0.633270460356523,"Disagree Resident"
"1599",9,0.152066007718009,"Disagree Non-resident"
"1600",1,0.344169289534509,"Agree Non-resident"
"1601",2,0.169990696472185,"Agree Non-resident"
"1602",1,0.445550208682274,"Agree Non-resident"
"1603",1,0.156947384997329,"Agree Resident"
"1604",7,0.1882055284383,"Disagree Resident"
"1605",3,0.198206869892173,"Agree Non-resident"
"1606",2,0.165612804467799,"Agree Non-resident"
"1607",8,0.316408314816994,"Agree Non-resident"
"1608",6,0.271666794928083,"Disagree Resident"
"1609",8,0.203695857740147,"Agree Non-resident"
"1610",3,0.220061649854936,"Agree Resident"
"1611",2,0.203835976186529,"Disagree Non-resident"
"1612",8,0.222918081992051,"Disagree Resident"
"1613",8,0.208180479667825,"Agree Non-resident"
"1614",2,0.175962360873805,"Agree Resident"
"1615",9,0.26681127843697,"Disagree Non-resident"
"1616",6,0.215663344327565,"Agree Non-resident"
"1617",9,0.391427147663629,"Agree Non-resident"
"1618",6,0.288980855539983,"Disagree Resident"
"1619",7,0.234342587358194,"Disagree Resident"
"1620",3,0.228554697672635,"Agree Non-resident"
"1621",9,0.226145261821249,"Agree Non-resident"
"1622",9,0.457642977219034,"Disagree Non-resident"
"1623",10,0.256585516405928,"Agree Non-resident"
"1624",2,0.246028250421255,"Agree Resident"
"1625",6,0.525324713137696,"Disagree Resident"
"1626",7,0.230465695514315,"Agree Non-resident"
"1627",5,0.189638413367905,"Agree Resident"
"1628",2,0.206134634188454,"Agree Resident"
"1629",9,0.588196143455769,"Disagree Non-resident"
"1630",7,0.176005085203172,"Disagree Non-resident"
"1631",9,0.233464707387764,"Agree Non-resident"
"1632",4,0.400381458692555,"Agree Resident"
"1633",9,0.373971110282821,"Disagree Non-resident"
"1634",9,0.211937623842301,"Disagree Resident"
"1635",4,0.254001879456126,"Disagree Resident"
"1636",2,0.150769324352888,"Agree Non-resident"
"1637",8,0.239045698131531,"Disagree Resident"
"1638",8,0.230408960262216,"Agree Resident"
"1639",4,0.210894880463655,"Agree Resident"
"1640",9,0.227002969736821,"Agree Resident"
"1641",2,0.159062851205871,"Agree Resident"
"1642",3,0.229819940436868,"Agree Non-resident"
"1643",9,0.495275780477717,"Disagree Non-resident"
"1644",9,0.240043612638783,"Agree Non-resident"
"1645",3,0.195835888576679,"Agree Resident"
"1646",4,0.427345419084785,"Agree Non-resident"
"1647",9,0.465740714781526,"Disagree Non-resident"
"1648",1,0.201754694446716,"Agree Resident"
"1649",2,0.255195817118959,"Agree Non-resident"
"1650",4,0.368215067870787,"Disagree Non-resident"
"1651",8,0.324323076888623,"Agree Resident"
"1652",4,0.509514660281475,"Agree Resident"
"1653",4,0.24712577240188,"Agree Non-resident"
"1654",9,0.30924725049372,"Disagree Non-resident"
"1655",8,0.23064777113069,"Agree Non-resident"
"1656",8,0.213827220835694,"Agree Resident"
"1657",8,0.239205259230378,"Agree Non-resident"
"1658",3,0.399194901083529,"Agree Non-resident"
"1659",9,0.387353675792548,"Disagree Non-resident"
"1660",3,0.329775308614051,"Agree Non-resident"
"1661",3,0.216923710714479,"Agree Non-resident"
"1662",6,0.257576301976653,"Agree Resident"
"1663",3,0.293863289605169,"Agree Non-resident"
"1664",2,0.234677113056336,"Agree Non-resident"
"1665",3,0.169510290473169,"Agree Non-resident"
"1666",9,0.196677533835042,"Disagree Non-resident"
"1667",3,0.216918845657469,"Agree Non-resident"
"1668",8,0.17087219969497,"Agree Non-resident"
"1669",4,0.270986407734839,"Disagree Resident"
"1670",2,0.181149368021519,"Agree Non-resident"
"1671",10,0.186858000664282,"Agree Non-resident"
"1672",6,0.639739887975567,"Disagree Non-resident"
"1673",3,0.199899951255227,"Agree Non-resident"
"1674",4,0.36266902135788,"Agree Resident"
"1675",4,0.269157887024218,"Disagree Resident"
"1676",8,0.192620688342707,"Agree Non-resident"
"1677",3,0.17441879882028,"Agree Non-resident"
"1678",3,0.175995442540829,"Agree Non-resident"
"1679",7,0.19879399544542,"Disagree Non-resident"
"1680",4,0.371662104668098,"Disagree Non-resident"
"1681",4,0.38401672769045,"Disagree Resident"
"1682",9,0.410877311029464,"Disagree Non-resident"
"1683",6,0.162402250791566,"Agree Non-resident"
"1684",8,0.240669226709199,"Agree Non-resident"
"1685",7,0.191068402497313,"Agree Non-resident"
"1686",10,0.381663135182939,"Disagree Non-resident"
"1687",2,0.213592679133693,"Agree Non-resident"
"1688",4,0.218470206322908,"Agree Non-resident"
"1689",1,0.445550208682274,"Agree Non-resident"
"1690",8,0.229770554192234,"Agree Non-resident"
"1691",4,0.165213557009033,"Agree Non-resident"
"1692",6,0.473091754654905,"Disagree Non-resident"
"1693",3,0.209156650437696,"Agree Non-resident"
"1694",8,0.22084054526829,"Agree Non-resident"
"1695",4,0.234113283053666,"Agree Resident"
"1696",9,0.378284253479668,"Disagree Non-resident"
"1697",1,0.216444344496718,"Agree Non-resident"
"1698",8,0.176644924521792,"Agree Non-resident"
"1699",3,0.311116378157754,"Agree Non-resident"
"1700",4,0.214179821447979,"Agree Resident"
"1701",3,0.294241351496173,"Agree Non-resident"
"1702",6,0.228018743615701,"Agree Resident"
"1703",2,0.181868301887318,"Disagree Resident"
"1704",8,0.281925578299961,"Agree Non-resident"
"1705",8,0.228626069606721,"Agree Non-resident"
"1706",3,0.173009636270597,"Agree Resident"
"1707",3,0.201234871826123,"Agree Non-resident"
"1708",4,0.468614490430926,"Disagree Non-resident"
"1709",4,0.308657423517193,"Agree Non-resident"
"1710",1,0.344162104644608,"Agree Non-resident"
"1711",3,0.162564618892828,"Agree Resident"
"1712",3,0.162564618892828,"Agree Resident"
"1713",8,0.233432243792523,"Agree Non-resident"
"1714",3,0.145990483897775,"Agree Non-resident"
"1715",8,0.169747426415025,"Agree Resident"
"1716",8,0.206743737177172,"Agree Non-resident"
"1717",2,0.220181272101022,"Agree Resident"
"1718",4,0.23095507506402,"Agree Non-resident"
"1719",6,0.228197285853485,"Agree Non-resident"
"1720",7,0.220178528553153,"Disagree Resident"
"1721",1,0.199573972675176,"Agree Non-resident"
"1722",8,0.160831528625037,"Agree Non-resident"
"1723",2,0.188902130400202,"Agree Resident"
"1724",10,0.280489178958739,"Agree Resident"
"1725",4,0.428877531036191,"Agree Resident"
"1726",3,0.178621226796351,"Agree Non-resident"
"1727",6,0.173204655584975,"Agree Resident"
"1728",8,0.234076790564763,"Agree Non-resident"
"1729",6,0.23051144633807,"Disagree Resident"
"1730",2,0.228205166639419,"Agree Non-resident"
"1731",8,0.204484853496001,"Disagree Non-resident"
"1732",10,0.301420481719185,"Agree Non-resident"
"1733",3,0.214557340212471,"Agree Resident"
"1734",6,0.251188362159005,"Disagree Non-resident"
"1735",8,0.290726767389168,"Agree Non-resident"
"1736",9,0.381917085351032,"Disagree Non-resident"
"1737",10,0.348091618059833,"Disagree Non-resident"
"1738",8,0.368587957163781,"Agree Non-resident"
"1739",9,0.188262115540452,"Disagree Non-resident"
"1740",1,0.351822392604204,"Agree Non-resident"
"1741",1,0.31254696274066,"Agree Resident"
"1742",4,0.278588001080364,"Agree Non-resident"
"1743",8,0.250685287578057,"Agree Non-resident"
"1744",1,0.201766506685764,"Agree Resident"
"1745",8,0.252653973568646,"Agree Resident"
"1746",4,0.262475468042584,"Disagree Resident"
"1747",7,0.233235088716762,"Disagree Resident"
"1748",2,0.190298759960554,"Agree Non-resident"
"1749",6,0.216798572595941,"Disagree Resident"
"1750",6,0.503895881206723,"Disagree Resident"
"1751",9,0.483322425129602,"Disagree Non-resident"
"1752",4,0.376544383021097,"Disagree Resident"
"1753",4,0.390285889469277,"Disagree Resident"
"1754",8,0.171270769815992,"Agree Non-resident"
"1755",7,0.243024942411306,"Disagree Resident"
"1756",3,0.231976925542459,"Agree Non-resident"
"1757",8,0.283235632000738,"Agree Non-resident"
"1758",4,0.580224688189135,"Disagree Non-resident"
"1759",8,0.246942407488077,"Agree Non-resident"
"1760",3,0.262151452486052,"Agree Resident"
"1761",4,0.299060180833109,"Disagree Non-resident"
"1762",4,0.236527770661997,"Agree Resident"
"1763",6,0.230587019964922,"Disagree Resident"
"1764",8,0.288216530857779,"Agree Non-resident"
"1765",8,0.176646293639338,"Agree Non-resident"
"1766",3,0.23255373160652,"Agree Non-resident"
"1767",5,0.176259120510467,"Disagree Resident"
"1768",3,0.251217594465801,"Agree Non-resident"
"1769",5,0.202279810385688,"Agree Non-resident"
"1770",2,0.255135025968978,"Agree Resident"
"1771",9,0.265591888514884,"Agree Non-resident"
"1772",1,0.148608997363801,"Disagree Resident"
"1773",3,0.217806026556244,"Agree Non-resident"
"1774",6,0.347522512254082,"Disagree Non-resident"
"1775",3,0.295052572726661,"Agree Non-resident"
"1776",2,0.255130676063484,"Agree Resident"
"1777",4,0.239761019691157,"Disagree Resident"
"1778",1,0.213734953293496,"Agree Non-resident"
"1779",9,0.216566094579849,"Disagree Non-resident"
"1780",8,0.194167705623542,"Agree Non-resident"
"1781",7,0.193949775510814,"Disagree Resident"
"1782",8,0.254421751479418,"Agree Non-resident"
"1783",9,0.202902970933525,"Agree Non-resident"
"1784",10,0.180240361405223,"Agree Resident"
"1785",8,0.168066455390846,"Agree Non-resident"
"1786",8,0.168412116587039,"Agree Non-resident"
"1787",6,0.188120259820375,"Disagree Resident"
"1788",4,0.285329387065682,"Disagree Resident"
"1789",8,0.245126380564523,"Agree Resident"
"1790",2,0.190298759960554,"Agree Non-resident"
"1791",3,0.290640594895056,"Agree Non-resident"
"1792",4,0.260855013540385,"Disagree Resident"
"1793",9,0.223763362324194,"Agree Non-resident"
"1794",4,0.350007734135267,"Disagree Resident"
"1795",3,0.224695599701085,"Agree Non-resident"
"1796",3,0.22855218040322,"Agree Non-resident"
"1797",1,0.20175469444673,"Agree Resident"
"1798",4,0.533609782318361,"Disagree Resident"
"1799",9,0.425456231309337,"Disagree Non-resident"
"1800",8,0.309181802501605,"Agree Non-resident"
"1801",9,0.532090790995973,"Disagree Non-resident"
"1802",2,0.17009228835474,"Agree Non-resident"
"1803",4,0.5817149679164,"Disagree Resident"
"1804",2,0.165831753155407,"Agree Non-resident"
"1805",3,0.216918845657469,"Agree Non-resident"
"1806",6,0.241928932732566,"Disagree Non-resident"
"1807",1,0.164644681114161,"Agree Non-resident"
"1808",8,0.318220524916873,"Agree Resident"
"1809",8,0.245524721980789,"Agree Non-resident"
"1810",1,0.179537965804388,"Agree Resident"
"1811",2,0.164812566619335,"Agree Non-resident"
"1812",4,0.195902851760396,"Agree Resident"
"1813",3,0.354799774517307,"Agree Non-resident"
"1814",8,0.170491187261401,"Agree Resident"
"1815",10,0.185713637385191,"Agree Resident"
"1816",8,0.255208959396767,"Agree Resident"
"1817",8,0.223241100028959,"Agree Non-resident"
"1818",4,0.369826645839351,"Disagree Non-resident"
"1819",5,0.352719137278529,"Agree Non-resident"
"1820",9,0.188279392710947,"Disagree Non-resident"
"1821",1,0.21373489961781,"Agree Non-resident"
"1822",3,0.215429766049256,"Agree Non-resident"
"1823",9,0.489590386990828,"Disagree Non-resident"
"1824",1,0.217476371368818,"Agree Resident"
"1825",6,0.16572855336784,"Agree Non-resident"
"1826",5,0.214432102102935,"Agree Resident"
"1827",6,0.185228132790932,"Agree Non-resident"
"1828",3,0.171470882206605,"Agree Non-resident"
"1829",4,0.526460921614669,"Disagree Non-resident"
"1830",4,0.414736943732803,"Disagree Resident"
"1831",3,0.303709209633364,"Agree Non-resident"
"1832",6,0.251702324350228,"Agree Resident"
"1833",6,0.264829514003845,"Disagree Non-resident"
"1834",6,0.304590107607002,"Agree Resident"
"1835",3,0.330481038064142,"Agree Resident"
"1836",2,0.186759011454955,"Agree Resident"
"1837",6,0.168807951161054,"Agree Non-resident"
"1838",2,0.188989267090725,"Agree Resident"
"1839",4,0.579568179111973,"Disagree Non-resident"
"1840",4,0.239837920078817,"Disagree Resident"
"1841",3,0.279113110998415,"Agree Non-resident"
"1842",6,0.287371628517064,"Agree Non-resident"
"1843",6,0.64259382965181,"Disagree Non-resident"
"1844",5,0.191997952870625,"Agree Non-resident"
"1845",4,0.30448198236546,"Agree Resident"
"1846",9,0.299124325672549,"Disagree Non-resident"
"1847",6,0.254172909100866,"Disagree Resident"
"1848",10,0.218350904089345,"Disagree Resident"
"1849",10,0.202153131793486,"Agree Resident"
"1850",5,0.248306647484856,"Disagree Non-resident"
"1851",3,0.290640594895056,"Agree Non-resident"
"1852",3,0.191205133443677,"Agree Resident"
"1853",10,0.374190187179953,"Disagree Resident"
"1854",8,0.188477736057958,"Agree Non-resident"
"1855",4,0.151133951224373,"Agree Non-resident"
"1856",9,0.254808011948495,"Agree Non-resident"
"1857",2,0.191735856723853,"Agree Non-resident"
"1858",3,0.231831494837102,"Agree Non-resident"
"1859",10,0.220195209193268,"Agree Non-resident"
"1860",1,0.175210538833355,"Agree Non-resident"
"1861",9,0.276937187116572,"Disagree Non-resident"
"1862",8,0.239095663988797,"Agree Non-resident"
"1863",3,0.414425633259967,"Agree Resident"
"1864",1,0.203297381801281,"Agree Non-resident"
"1865",9,0.500651564171486,"Disagree Non-resident"
"1866",1,0.344162104646087,"Agree Non-resident"
"1867",2,0.197073745268537,"Agree Non-resident"
"1868",8,0.179128779745331,"Agree Non-resident"
"1869",1,0.445405478703711,"Agree Non-resident"
"1870",2,0.190298759960554,"Agree Non-resident"
"1871",2,0.322464876677245,"Agree Non-resident"
"1872",3,0.250962242218067,"Agree Resident"
"1873",4,0.265374395941708,"Agree Resident"
"1874",8,0.33095746890297,"Agree Resident"
"1875",1,0.213735119999763,"Agree Non-resident"
"1876",8,0.210276466328894,"Agree Resident"
"1877",5,0.244613046751969,"Agree Non-resident"
"1878",8,0.330057404524073,"Agree Resident"
"1879",1,0.164625524843745,"Agree Non-resident"
"1880",6,0.381993700987942,"Disagree Non-resident"
"1881",8,0.372397956630697,"Agree Resident"
"1882",9,0.565797668416222,"Disagree Non-resident"
"1883",4,0.239064073625408,"Disagree Resident"
"1884",10,0.24682402742763,"Agree Resident"
"1885",6,0.198494149295907,"Disagree Resident"
"1886",6,0.641255969614163,"Disagree Non-resident"
"1887",8,0.322186767931863,"Disagree Resident"
"1888",8,0.261700788762047,"Agree Non-resident"
"1889",9,0.413063755498011,"Disagree Non-resident"
"1890",6,0.337663642915984,"Disagree Non-resident"
"1891",1,0.33152944480669,"Agree Resident"
"1892",9,0.152031701694817,"Disagree Non-resident"
"1893",4,0.272265453274034,"Disagree Resident"
"1894",4,0.349806206610849,"Disagree Resident"
"1895",1,0.344162104644608,"Agree Non-resident"
"1896",9,0.300194345447284,"Disagree Non-resident"
"1897",3,0.23255375343319,"Agree Non-resident"
"1898",4,0.191984041532915,"Disagree Resident"
"1899",2,0.221424555314497,"Agree Resident"
"1900",3,0.208724307472993,"Agree Non-resident"
"1901",9,0.366908545807135,"Disagree Non-resident"
"1902",3,0.209745023356126,"Agree Non-resident"
"1903",3,0.203454624729343,"Agree Non-resident"
"1904",6,0.287476696024253,"Agree Non-resident"
"1905",9,0.275453425993547,"Disagree Non-resident"
"1906",8,0.211811345270507,"Agree Resident"
"1907",3,0.224404642052653,"Agree Non-resident"
"1908",8,0.246476470774162,"Agree Non-resident"
"1909",3,0.393470926790265,"Agree Non-resident"
"1910",5,0.194692393218497,"Disagree Non-resident"
"1911",9,0.57365299472528,"Disagree Non-resident"
"1912",5,0.19798911169837,"Disagree Non-resident"
"1913",1,0.213734899617819,"Agree Non-resident"
"1914",8,0.221785651022656,"Agree Non-resident"
"1915",9,0.255982058214347,"Agree Non-resident"
"1916",7,0.197716972530183,"Disagree Non-resident"
"1917",5,0.196656066468091,"Agree Resident"
"1918",4,0.218458320161613,"Disagree Resident"
"1919",3,0.343417856941163,"Agree Non-resident"
"1920",3,0.265290973616239,"Agree Resident"
"1921",4,0.221877196912838,"Agree Non-resident"
"1922",4,0.287621633103629,"Agree Non-resident"
"1923",9,0.292984542765992,"Agree Non-resident"
"1924",3,0.195036585197911,"Agree Resident"
"1925",4,0.323191517679257,"Agree Resident"
"1926",10,0.204471974214541,"Agree Resident"
"1927",2,0.190296531886065,"Agree Non-resident"
"1928",8,0.22614696928503,"Agree Resident"
"1929",4,0.328190121038407,"Agree Resident"
"1930",1,0.213628204283468,"Agree Non-resident"
"1931",9,0.472646682973625,"Disagree Non-resident"
"1932",7,0.251956837822995,"Disagree Non-resident"
"1933",8,0.21140464117101,"Disagree Resident"
"1934",2,0.267681026316853,"Agree Non-resident"
"1935",9,0.315839066795181,"Agree Non-resident"
"1936",9,0.324170371396294,"Disagree Non-resident"
"1937",9,0.214071016832394,"Disagree Non-resident"
"1938",3,0.216927562881377,"Agree Non-resident"
"1939",10,0.317103412882684,"Agree Resident"
"1940",3,0.272116482327288,"Agree Non-resident"
"1941",5,0.283692196058874,"Agree Resident"
"1942",6,0.235246084207349,"Agree Resident"
"1943",2,0.184977525306185,"Agree Non-resident"
"1944",10,0.285673898598394,"Agree Resident"
"1945",2,0.21271414924174,"Agree Non-resident"
"1946",4,0.166133779150769,"Disagree Resident"
"1947",3,0.274983423028239,"Agree Non-resident"
"1948",8,0.233626849412155,"Agree Non-resident"
"1949",5,0.431189952353374,"Agree Non-resident"
"1950",9,0.488813005574883,"Disagree Non-resident"
"1951",3,0.157745670293024,"Agree Resident"
"1952",8,0.196195193172056,"Agree Resident"
"1953",10,0.244234341083993,"Agree Non-resident"
"1954",6,0.407001078176006,"Disagree Resident"
"1955",9,0.468471246835535,"Disagree Non-resident"
"1956",2,0.193153716849165,"Agree Non-resident"
"1957",2,0.276113178190229,"Agree Resident"
"1958",1,0.20175469444673,"Agree Resident"
"1959",1,0.164211967221308,"Agree Non-resident"
"1960",6,0.628753222228361,"Disagree Non-resident"
"1961",9,0.231001152546198,"Disagree Non-resident"
"1962",1,0.4204598565436,"Agree Non-resident"
"1963",8,0.192676081658395,"Agree Non-resident"
"1964",9,0.214854915155044,"Disagree Non-resident"
"1965",4,0.150444035847451,"Disagree Non-resident"
"1966",4,0.400344819780872,"Agree Resident"
"1967",8,0.221038370674308,"Agree Non-resident"
"1968",3,0.24703525421777,"Agree Non-resident"
"1969",6,0.276537666831133,"Disagree Non-resident"
"1970",3,0.222256052704259,"Agree Non-resident"
"1971",2,0.349807258860925,"Agree Non-resident"
"1972",6,0.390122576466988,"Disagree Non-resident"
"1973",8,0.272719596673576,"Agree Non-resident"
"1974",9,0.449092692026798,"Disagree Non-resident"
"1975",9,0.24180470238113,"Disagree Non-resident"
"1976",4,0.265534280349994,"Disagree Non-resident"
"1977",8,0.250142611011657,"Agree Resident"
"1978",3,0.232553585675742,"Agree Non-resident"
"1979",3,0.19432185672968,"Agree Non-resident"
"1980",3,0.264338779585495,"Agree Resident"
"1981",8,0.303179425452554,"Agree Non-resident"
"1982",10,0.174989666295375,"Agree Resident"
"1983",9,0.622419447382035,"Disagree Non-resident"
"1984",6,0.390728415050845,"Agree Non-resident"
"1985",3,0.229819940436868,"Agree Non-resident"
"1986",4,0.405909688832658,"Disagree Resident"
"1987",3,0.214557340212471,"Agree Resident"
"1988",4,0.225958375332756,"Agree Resident"
"1989",5,0.168026512189176,"Agree Resident"
"1990",3,0.260771829384099,"Agree Resident"
"1991",1,0.213628204283468,"Agree Non-resident"
"1992",1,0.213628204283468,"Agree Non-resident"
"1993",8,0.276458031266605,"Agree Non-resident"
"1994",9,0.316789108080979,"Agree Non-resident"
"1995",10,0.282370957226327,"Agree Resident"
"1996",8,0.29557579743752,"Agree Non-resident"
"1997",6,0.304971388773712,"Disagree Non-resident"
"1998",4,0.311082209203592,"Disagree Non-resident"
"1999",8,0.279814215655926,"Agree Non-resident"
"2000",10,0.399677939490164,"Agree Resident"
"2001",10,0.509721943759136,"Disagree Resident"
"2002",3,0.216829403661464,"Agree Non-resident"
"2003",8,0.238625921540769,"Agree Non-resident"
"2004",1,0.213628204283468,"Agree Non-resident"
"2005",8,0.287131453363531,"Agree Non-resident"
"2006",8,0.226182164311122,"Agree Resident"
"2007",7,0.191068406556737,"Agree Non-resident"
"2008",6,0.389067905523918,"Disagree Resident"
"2009",9,0.492190166327695,"Disagree Non-resident"
"2010",3,0.334259570311029,"Agree Non-resident"
"2011",6,0.291748847213946,"Agree Non-resident"
"2012",2,0.209711592239852,"Agree Non-resident"
"2013",2,0.248636416233132,"Agree Non-resident"
"2014",10,0.243975960138991,"Agree Resident"
"2015",1,0.379744702925858,"Agree Non-resident"
"2016",8,0.258043753698921,"Agree Non-resident"
"2017",3,0.206853061214575,"Agree Resident"
"2018",8,0.264835274257663,"Disagree Resident"
"2019",8,0.235625526886866,"Agree Non-resident"
"2020",8,0.259765526906063,"Disagree Non-resident"
"2021",6,0.303532939647934,"Disagree Non-resident"
"2022",9,0.388781945370846,"Disagree Non-resident"
"2023",8,0.206280081269944,"Agree Resident"
"2024",3,0.343415910009087,"Agree Non-resident"
"2025",9,0.441734073810903,"Disagree Non-resident"
"2026",9,0.167309738209188,"Disagree Non-resident"
"2027",9,0.383535935472511,"Disagree Non-resident"
"2028",1,0.205877432946584,"Agree Resident"
"2029",2,0.229036787823257,"Agree Non-resident"
"2030",3,0.229506001479347,"Agree Non-resident"
"2031",8,0.258845037412358,"Agree Non-resident"
"2032",8,0.253402915915578,"Agree Non-resident"
"2033",10,0.392883763711898,"Disagree Resident"
"2034",9,0.210597464018844,"Disagree Non-resident"
"2035",2,0.157618139537543,"Agree Non-resident"
"2036",3,0.280476046773303,"Agree Non-resident"
"2037",1,0.248004615037547,"Agree Non-resident"
"2038",5,0.197883192586157,"Agree Resident"
"2039",4,0.190352818230804,"Agree Non-resident"
"2040",8,0.188415902782734,"Agree Non-resident"
"2041",3,0.208470474129701,"Agree Non-resident"
"2042",5,0.278226578348939,"Disagree Non-resident"
"2043",2,0.159268532057424,"Agree Non-resident"
"2044",2,0.176006608082974,"Agree Non-resident"
"2045",10,0.308478274624863,"Disagree Non-resident"
"2046",8,0.221586801777875,"Agree Non-resident"
"2047",2,0.189807849545517,"Agree Non-resident"
"2048",3,0.220061649854936,"Agree Resident"
"2049",8,0.21327712077879,"Agree Non-resident"
"2050",8,0.230860675274758,"Agree Resident"
"2051",8,0.250486855008568,"Agree Non-resident"
"2052",6,0.287643134977302,"Agree Non-resident"
"2053",8,0.208987524141346,"Agree Resident"
"2054",4,0.526001769608748,"Disagree Resident"
"2055",3,0.208724307472993,"Agree Non-resident"
"2056",1,0.344162104644608,"Agree Non-resident"
"2057",9,0.356078747388795,"Disagree Non-resident"
"2058",1,0.213628204283468,"Agree Non-resident"
"2059",5,0.19247444907885,"Agree Non-resident"
"2060",2,0.282338047353702,"Agree Non-resident"
"2061",4,0.564344216811364,"Agree Non-resident"
"2062",2,0.2545041682472,"Agree Non-resident"
"2063",8,0.35768716061809,"Agree Resident"
"2064",1,0.440254753659987,"Agree Resident"
"2065",1,0.213628204283468,"Agree Non-resident"
"2066",9,0.175090611325149,"Agree Non-resident"
"2067",4,0.253890925783708,"Disagree Non-resident"
"2068",2,0.265823990972131,"Agree Non-resident"
"2069",4,0.246522433604158,"Agree Resident"
"2070",3,0.202260812350464,"Agree Non-resident"
"2071",10,0.397077197860378,"Disagree Resident"
"2072",2,0.253401495954354,"Agree Resident"
"2073",4,0.215093990049068,"Disagree Resident"
"2074",8,0.26050520637483,"Agree Resident"
"2075",8,0.364820943417808,"Agree Non-resident"
"2076",8,0.215092535393335,"Agree Resident"
"2077",9,0.436108546197625,"Disagree Non-resident"
"2078",8,0.259388820465149,"Agree Resident"
"2079",3,0.208892799775891,"Agree Non-resident"
"2080",7,0.387539752981433,"Disagree Resident"
"2081",1,0.247729432603682,"Agree Resident"
"2082",3,0.261238462426961,"Agree Non-resident"
"2083",1,0.213628204283468,"Agree Non-resident"
"2084",2,0.190296049370239,"Agree Non-resident"
"2085",3,0.159346885520955,"Agree Non-resident"
"2086",8,0.234624437994487,"Agree Non-resident"
"2087",6,0.479648066425705,"Disagree Non-resident"
"2088",8,0.297859407677219,"Agree Non-resident"
"2089",1,0.293367485934717,"Agree Non-resident"
"2090",7,0.191119411370181,"Agree Non-resident"
"2091",8,0.296687554308462,"Agree Non-resident"
"2092",8,0.208731709395911,"Agree Resident"
"2093",6,0.404540033483218,"Disagree Non-resident"
"2094",3,0.208724307472993,"Agree Non-resident"
"2095",2,0.182754902606243,"Agree Non-resident"
"2096",1,0.375937615965057,"Agree Resident"
"2097",4,0.293544345483551,"Disagree Non-resident"
"2098",9,0.298068281433355,"Agree Non-resident"
"2099",4,0.215560763325882,"Agree Non-resident"
"2100",8,0.194393820273295,"Agree Non-resident"
"2101",1,0.24205985415146,"Disagree Non-resident"
"2102",4,0.329719261053748,"Agree Non-resident"
"2103",8,0.346708760337967,"Disagree Resident"
"2104",2,0.335606763050704,"Agree Resident"
"2105",7,0.198481288859044,"Agree Resident"
"2106",2,0.190294945849852,"Agree Non-resident"
"2107",1,0.213628204283468,"Agree Non-resident"
"2108",6,0.214269487319547,"Agree Non-resident"
"2109",4,0.208485155742221,"Agree Non-resident"
"2110",8,0.195146283842952,"Agree Non-resident"
"2111",2,0.190296049370239,"Agree Non-resident"
"2112",3,0.232550431712695,"Agree Non-resident"
"2113",8,0.254421751479418,"Agree Non-resident"
"2114",7,0.214220557348453,"Disagree Non-resident"
"2115",10,0.263108162492638,"Disagree Non-resident"
"2116",4,0.128273857723677,"Agree Non-resident"
"2117",2,0.248643709118521,"Agree Non-resident"
"2118",6,0.220984944742806,"Disagree Non-resident"
"2119",9,0.366739509161731,"Disagree Non-resident"
"2120",2,0.22821893401422,"Agree Resident"
"2121",8,0.201091209924759,"Disagree Resident"
"2122",4,0.661205356719224,"Agree Resident"
"2123",8,0.206239544227468,"Agree Resident"
"2124",4,0.147737973367698,"Agree Non-resident"
"2125",8,0.205068263009717,"Agree Non-resident"
"2126",5,0.288232230992971,"Agree Non-resident"
"2127",6,0.211484739962216,"Agree Non-resident"
"2128",8,0.278345388114459,"Agree Resident"
"2129",6,0.462153431761062,"Disagree Non-resident"
"2130",8,0.23454177434875,"Agree Non-resident"
"2131",2,0.255146476435307,"Agree Non-resident"
"2132",8,0.357850048324747,"Agree Non-resident"
"2133",8,0.153422245214476,"Agree Non-resident"
"2134",3,0.225003727157368,"Agree Non-resident"
"2135",5,0.189833808238486,"Agree Resident"
"2136",2,0.190296049370239,"Agree Non-resident"
"2137",8,0.253416091890912,"Agree Non-resident"
"2138",4,0.187698126994667,"Disagree Resident"
"2139",1,0.188711878328349,"Agree Resident"
"2140",6,0.321161430679417,"Agree Resident"
"2141",3,0.23255375343319,"Agree Non-resident"
"2142",3,0.218817057566354,"Agree Non-resident"
"2143",2,0.190296049370239,"Agree Non-resident"
"2144",8,0.304252105316315,"Disagree Resident"
"2145",1,0.186243871088394,"Agree Resident"
"2146",8,0.327770603386868,"Agree Non-resident"
"2147",6,0.193166092296745,"Disagree Resident"
"2148",6,0.225776028108765,"Agree Non-resident"
"2149",1,0.152020844532197,"Disagree Resident"
"2150",3,0.370526891685296,"Agree Non-resident"
"2151",5,0.235779446008121,"Disagree Resident"
"2152",3,0.210548313477824,"Agree Resident"
"2153",4,0.259270252025054,"Agree Resident"
"2154",9,0.500651564171486,"Disagree Non-resident"
"2155",6,0.374157631155071,"Disagree Resident"
"2156",6,0.353791729801447,"Disagree Non-resident"
"2157",8,0.207792136626605,"Agree Non-resident"
"2158",8,0.324475116256362,"Agree Non-resident"
"2159",2,0.19480282549971,"Agree Resident"
"2160",2,0.268647011762257,"Agree Resident"
"2161",3,0.216353258071834,"Agree Resident"
"2162",3,0.25593835409588,"Agree Resident"
"2163",2,0.24944911766555,"Agree Resident"
"2164",7,0.2139799574451,"Disagree Non-resident"
"2165",6,0.741012533267334,"Agree Resident"
"2166",3,0.21754474473884,"Agree Non-resident"
"2167",3,0.278617012268013,"Agree Resident"
"2168",4,0.342194425197557,"Agree Non-resident"
"2169",3,0.290640601625788,"Agree Non-resident"
"2170",4,0.33055489563565,"Agree Non-resident"
"2171",5,0.384754051264373,"Agree Non-resident"
"2172",9,0.292363744020027,"Disagree Non-resident"
"2173",4,0.194953428861887,"Agree Non-resident"
"2174",9,0.411188426942027,"Disagree Non-resident"
"2175",1,0.255034052007229,"Agree Resident"
"2176",9,0.247483864523569,"Agree Non-resident"
"2177",9,0.176718277674513,"Agree Non-resident"
"2178",9,0.191156712206915,"Disagree Non-resident"
"2179",3,0.232553585675742,"Agree Non-resident"
"2180",1,0.292552347245039,"Agree Resident"
"2181",1,0.318385987145916,"Agree Non-resident"
"2182",8,0.233595906844633,"Agree Non-resident"
"2183",8,0.253387186201544,"Agree Non-resident"
"2184",3,0.252787162728419,"Agree Non-resident"
"2185",3,0.136132385490008,"Agree Resident"
"2186",8,0.220965304464653,"Agree Non-resident"
"2187",5,0.189911448781802,"Disagree Non-resident"
"2188",9,0.355272394867316,"Disagree Non-resident"
"2189",8,0.390119324515217,"Agree Non-resident"
"2190",8,0.256044106766386,"Agree Resident"
