"","topic","strength","group"
"1",3,0.298091982230125,"Agree Non-resident"
"2",9,0.408406663986379,"Agree Resident"
"3",4,0.366427343180286,"Agree Resident"
"4",1,0.377009344612708,"Agree Resident"
"5",8,0.362944196207383,"Disagree Non-resident"
"6",2,0.338382261139204,"Agree Non-resident"
"7",6,0.417762886543463,"Agree Resident"
"8",9,0.258136576980553,"Agree Non-resident"
"9",4,0.274057477514907,"Agree Resident"
"10",9,0.431800004562305,"Agree Non-resident"
"11",10,0.225026143518548,"Agree Resident"
"12",8,0.297567224460523,"Agree Non-resident"
"13",6,0.257151851761007,"Agree Non-resident"
"14",3,0.219606903229656,"Agree Resident"
"15",4,0.37582924631045,"Agree Non-resident"
"16",9,0.444305620506505,"Agree Non-resident"
"17",1,0.428703818812986,"Agree Non-resident"
"18",1,0.403301920612613,"Agree Non-resident"
"19",2,0.210832164639041,"Agree Non-resident"
"20",8,0.365050788845336,"Agree Non-resident"
"21",9,0.251599457094314,"Agree Non-resident"
"22",6,0.432833753161279,"Disagree Non-resident"
"23",1,0.219164094475502,"Agree Non-resident"
"24",3,0.464560879508144,"Agree Non-resident"
"25",7,0.458886571687258,"Disagree Non-resident"
"26",3,0.286410992811317,"Agree Non-resident"
"27",6,0.244280882607876,"Disagree Resident"
"28",3,0.475552608778335,"Agree Non-resident"
"29",4,0.220936454969244,"Agree Non-resident"
"30",4,0.31984208658108,"Agree Resident"
"31",1,0.331309982489186,"Agree Resident"
"32",5,0.247323539179366,"Agree Non-resident"
"33",1,0.248826027433052,"Agree Non-resident"
"34",2,0.366788992448395,"Disagree Resident"
"35",5,0.188625695130004,"Agree Resident"
"36",4,0.622966095987514,"Agree Non-resident"
"37",3,0.389302120776442,"Agree Non-resident"
"38",1,0.238799982772387,"Disagree Resident"
"39",5,0.345537617022056,"Agree Non-resident"
"40",7,0.335462494341341,"Disagree Non-resident"
"41",4,0.243022452277167,"Agree Non-resident"
"42",2,0.481039298166114,"Agree Non-resident"
"43",4,0.229966161784555,"Agree Resident"
"44",8,0.234016327770685,"Agree Non-resident"
"45",2,0.189443495563528,"Agree Non-resident"
"46",8,0.243569440691293,"Agree Non-resident"
"47",9,0.494127395074441,"Agree Non-resident"
"48",2,0.38278188720574,"Disagree Resident"
"49",2,0.283275881503352,"Agree Resident"
"50",7,0.376272642160792,"Agree Resident"
"51",4,0.221474148553684,"Agree Resident"
"52",3,0.301720467890186,"Agree Resident"
"53",6,0.244432602166246,"Disagree Non-resident"
"54",9,0.428481704147162,"Agree Non-resident"
"55",9,0.234122167435225,"Agree Resident"
"56",9,0.266976374898212,"Disagree Non-resident"
"57",2,0.379955281543139,"Agree Non-resident"
"58",3,0.23169813701291,"Agree Non-resident"
"59",10,0.37219465715072,"Agree Non-resident"
"60",4,0.301377259099149,"Agree Non-resident"
"61",6,0.365221875211458,"Disagree Non-resident"
"62",3,0.272185901295324,"Agree Non-resident"
"63",1,0.264433111612354,"Agree Non-resident"
"64",9,0.166028712500489,"Agree Non-resident"
"65",8,0.402589781014945,"Agree Resident"
"66",6,0.432253995109685,"Disagree Resident"
"67",2,0.55127240807993,"Disagree Resident"
"68",4,0.235953479040049,"Agree Resident"
"69",4,0.37055350248755,"Agree Non-resident"
"70",7,0.381367848853171,"Disagree Resident"
"71",2,0.72739352235163,"Disagree Resident"
"72",2,0.410124868286529,"Agree Non-resident"
"73",9,0.405219166145319,"Agree Non-resident"
"74",4,0.35543180838085,"Agree Resident"
"75",8,0.296252072584097,"Disagree Resident"
"76",1,0.224629195241983,"Agree Non-resident"
"77",10,0.281159076247007,"Agree Non-resident"
"78",9,0.247867402298515,"Agree Non-resident"
"79",4,0.265480578878156,"Agree Resident"
"80",4,0.252538665368643,"Agree Non-resident"
"81",9,0.318146071121925,"Agree Non-resident"
"82",4,0.373521456293851,"Agree Resident"
"83",2,0.72562258866799,"Disagree Resident"
"84",8,0.479251068294432,"Agree Non-resident"
"85",3,0.39085748815942,"Agree Resident"
"86",9,0.31612022513896,"Agree Non-resident"
"87",1,0.408042847100452,"Agree Non-resident"
"88",4,0.383785313517998,"Agree Non-resident"
"89",5,0.215886778605823,"Agree Non-resident"
"90",4,0.313047485988195,"Agree Non-resident"
"91",3,0.246589639533364,"Agree Non-resident"
"92",8,0.621091211042308,"Agree Non-resident"
"93",4,0.241855220896021,"Agree Non-resident"
"94",3,0.35786566709894,"Agree Non-resident"
"95",4,0.198188219256705,"Agree Non-resident"
"96",6,0.464612778100761,"Disagree Non-resident"
"97",5,0.357644075617406,"Agree Non-resident"
"98",4,0.496109834652638,"Agree Non-resident"
"99",2,0.376114637678591,"Disagree Resident"
"100",7,0.219135409476969,"Agree Non-resident"
"101",2,0.514444901079206,"Disagree Non-resident"
"102",3,0.349545651363711,"Agree Non-resident"
"103",8,0.298217546937014,"Agree Resident"
"104",9,0.536634408484827,"Agree Non-resident"
"105",7,0.379939649744078,"Agree Non-resident"
"106",7,0.347113191048196,"Disagree Resident"
"107",3,0.374575252731446,"Agree Non-resident"
"108",1,0.347957369342262,"Agree Resident"
"109",2,0.393240756962372,"Disagree Resident"
"110",8,0.722978922563018,"Agree Non-resident"
"111",7,0.549261444494737,"Agree Resident"
"112",2,0.282713481291401,"Agree Non-resident"
"113",3,0.317901985212882,"Agree Resident"
"114",7,0.267559395204511,"Disagree Non-resident"
"115",3,0.265332706841431,"Agree Non-resident"
"116",9,0.199365719858537,"Disagree Non-resident"
"117",4,0.204051568639706,"Agree Resident"
"118",9,0.22626122100218,"Agree Non-resident"
"119",7,0.309665075740773,"Agree Non-resident"
"120",3,0.302036078759582,"Agree Non-resident"
"121",9,0.216165015480264,"Agree Non-resident"
"122",6,0.271229976367215,"Agree Resident"
"123",6,0.235850823644754,"Disagree Resident"
"124",5,0.356923743273475,"Agree Non-resident"
"125",9,0.285595797560263,"Agree Non-resident"
"126",7,0.548001526884288,"Agree Resident"
"127",5,0.215149403323589,"Agree Non-resident"
"128",2,0.345209192509551,"Disagree Non-resident"
"129",1,0.332099953553626,"Agree Resident"
"130",4,0.31487861905953,"Agree Resident"
"131",8,0.251313259663654,"Disagree Non-resident"
"132",4,0.248488009910472,"Agree Non-resident"
"133",10,0.208960092270685,"Agree Non-resident"
"134",9,0.289724570237704,"Agree Non-resident"
"135",8,0.214389799063077,"Agree Non-resident"
"136",3,0.282401504507507,"Agree Resident"
"137",4,0.310381568271467,"Agree Non-resident"
"138",4,0.46376647236008,"Agree Non-resident"
"139",5,0.226167086292968,"Agree Non-resident"
"140",2,0.397238487532994,"Disagree Non-resident"
"141",9,0.206008523521282,"Agree Resident"
"142",2,0.604397180003884,"Disagree Resident"
"143",4,0.290247884848585,"Agree Resident"
"144",8,0.37770443853729,"Agree Non-resident"
"145",9,0.363676723296814,"Agree Non-resident"
"146",3,0.250435143036207,"Agree Resident"
"147",4,0.30005333823684,"Agree Resident"
"148",9,0.320939307576464,"Agree Non-resident"
"149",8,0.310345586244392,"Disagree Resident"
"150",4,0.345568207255744,"Agree Non-resident"
"151",1,0.250657487599512,"Disagree Non-resident"
"152",4,0.418592957932862,"Agree Resident"
"153",5,0.272034151760755,"Agree Non-resident"
"154",7,0.193613590615163,"Disagree Non-resident"
"155",2,0.217818879997618,"Agree Resident"
"156",9,0.170832345508651,"Agree Non-resident"
"157",6,0.195427776566696,"Disagree Non-resident"
"158",4,0.243183076039284,"Agree Non-resident"
"159",10,0.295211693472463,"Agree Resident"
"160",3,0.380135712653465,"Agree Resident"
"161",9,0.28827408994931,"Agree Non-resident"
"162",4,0.314475646110656,"Agree Non-resident"
"163",4,0.324597090000086,"Agree Non-resident"
"164",2,0.466546199379542,"Disagree Resident"
"165",2,0.205864156050563,"Agree Non-resident"
"166",4,0.219336941611058,"Agree Non-resident"
"167",3,0.442392786633007,"Agree Resident"
"168",4,0.225676472373134,"Agree Resident"
"169",4,0.257025867480266,"Agree Non-resident"
"170",1,0.46332478064937,"Disagree Non-resident"
"171",1,0.179780503745091,"Disagree Non-resident"
"172",4,0.253646950233948,"Agree Non-resident"
"173",5,0.198127657466494,"Agree Resident"
"174",2,0.411595655102839,"Disagree Resident"
"175",4,0.279732862766715,"Disagree Resident"
"176",6,0.344878649307396,"Disagree Non-resident"
"177",10,0.20525678572771,"Agree Non-resident"
"178",9,0.403930405692083,"Agree Non-resident"
"179",8,0.415094598750111,"Agree Non-resident"
"180",6,0.202494459812469,"Agree Non-resident"
"181",3,0.34950374631484,"Agree Non-resident"
"182",8,0.278021805402756,"Agree Non-resident"
"183",10,0.571718253457239,"Agree Non-resident"
"184",7,0.186731146055257,"Disagree Non-resident"
"185",4,0.280842038774307,"Agree Non-resident"
"186",6,0.425273438100914,"Disagree Resident"
"187",4,0.273313498510451,"Agree Non-resident"
"188",9,0.443068596173596,"Agree Resident"
"189",4,0.422364746458657,"Agree Non-resident"
"190",9,0.601538723797625,"Agree Resident"
"191",2,0.72735612846604,"Disagree Resident"
"192",3,0.3495376499884,"Agree Non-resident"
"193",6,0.310867218288042,"Disagree Resident"
"194",4,0.250194849116261,"Agree Non-resident"
"195",8,0.244605289949273,"Agree Non-resident"
"196",4,0.247090857982131,"Agree Non-resident"
"197",10,0.206014365188566,"Agree Resident"
"198",2,0.386075092118883,"Agree Resident"
"199",3,0.365828189001033,"Agree Non-resident"
"200",4,0.462396269383773,"Disagree Resident"
"201",1,0.201586895229017,"Agree Resident"
"202",2,0.73733670376233,"Disagree Resident"
"203",8,0.307253874528019,"Disagree Non-resident"
"204",2,0.39450317224981,"Disagree Non-resident"
"205",3,0.389306402261806,"Agree Non-resident"
"206",4,0.170716959198534,"Agree Non-resident"
"207",9,0.423447866562784,"Agree Resident"
"208",5,0.344460627846556,"Agree Non-resident"
"209",2,0.495338083058934,"Disagree Non-resident"
"210",3,0.16337953239411,"Agree Resident"
"211",9,0.265622141877027,"Agree Non-resident"
"212",3,0.201504939527963,"Agree Non-resident"
"213",5,0.306195316242131,"Agree Non-resident"
"214",5,0.252586963472629,"Agree Non-resident"
"215",6,0.309704684798623,"Disagree Non-resident"
"216",3,0.250435143036207,"Agree Resident"
"217",2,0.314784950978085,"Agree Non-resident"
"218",8,0.351045773017754,"Disagree Resident"
"219",4,0.326317362081227,"Agree Non-resident"
"220",6,0.338789013690994,"Agree Resident"
"221",6,0.425823694708137,"Disagree Resident"
"222",2,0.286004724519803,"Disagree Resident"
"223",10,0.205874507685276,"Agree Non-resident"
"224",4,0.266601109726716,"Agree Resident"
"225",8,0.549800852463124,"Disagree Non-resident"
"226",3,0.349501713654937,"Agree Non-resident"
"227",2,0.569875613478447,"Disagree Resident"
"228",1,0.241561268888987,"Agree Non-resident"
"229",8,0.443284629706488,"Agree Non-resident"
"230",4,0.279293239819547,"Agree Non-resident"
"231",10,0.198463536908318,"Agree Non-resident"
"232",3,0.410286785147846,"Agree Non-resident"
"233",10,0.273332735469468,"Agree Non-resident"
"234",3,0.251813035823873,"Agree Non-resident"
"235",2,0.371522389062521,"Agree Non-resident"
"236",1,0.285316477920275,"Disagree Non-resident"
"237",9,0.255157849734567,"Agree Resident"
"238",1,0.453717154014381,"Agree Non-resident"
"239",3,0.353543628828253,"Agree Resident"
"240",4,0.297904201486834,"Agree Non-resident"
"241",4,0.430459010853401,"Agree Resident"
"242",2,0.241967008887499,"Agree Resident"
"243",2,0.421096131464181,"Agree Non-resident"
"244",10,0.346051284259517,"Agree Resident"
"245",3,0.334744202395851,"Agree Non-resident"
"246",9,0.267973537091026,"Agree Non-resident"
"247",3,0.317456809829664,"Agree Non-resident"
"248",5,0.308296160814807,"Agree Resident"
"249",3,0.26053552810885,"Agree Non-resident"
"250",2,0.410162257267346,"Disagree Resident"
"251",4,0.380227274244179,"Agree Non-resident"
"252",5,0.61611393671491,"Agree Non-resident"
"253",1,0.396925090290977,"Agree Resident"
"254",2,0.221003939709661,"Agree Non-resident"
"255",10,0.336569377272868,"Agree Non-resident"
"256",6,0.303735147257509,"Disagree Resident"
"257",7,0.392916019981538,"Disagree Resident"
"258",6,0.349437520330941,"Disagree Resident"
"259",2,0.729513101543284,"Disagree Non-resident"
"260",3,0.349506290425158,"Agree Non-resident"
"261",4,0.33518567363679,"Agree Non-resident"
"262",7,0.278513362834605,"Agree Resident"
"263",6,0.344341030373036,"Agree Non-resident"
"264",7,0.522373262865429,"Agree Non-resident"
"265",9,0.260007702868482,"Agree Non-resident"
"266",6,0.302361490845027,"Agree Non-resident"
"267",1,0.248378241002805,"Agree Non-resident"
"268",1,0.248358376179022,"Agree Non-resident"
"269",9,0.286165123073098,"Agree Non-resident"
"270",5,0.190928776839155,"Agree Non-resident"
"271",1,0.322123863176982,"Agree Non-resident"
"272",3,0.349581477501421,"Agree Non-resident"
"273",5,0.329362370998025,"Agree Non-resident"
"274",4,0.200790198239191,"Agree Resident"
"275",9,0.323107000496114,"Agree Resident"
"276",9,0.237733200564878,"Agree Resident"
"277",2,0.405207222036712,"Agree Non-resident"
"278",8,0.35088285817302,"Agree Non-resident"
"279",2,0.492221807246098,"Disagree Resident"
"280",5,0.262026701472254,"Agree Non-resident"
"281",6,0.274872788340857,"Disagree Resident"
"282",4,0.285049918143973,"Agree Non-resident"
"283",9,0.393842618419021,"Agree Non-resident"
"284",6,0.338933472801679,"Disagree Resident"
"285",9,0.369755739560015,"Agree Non-resident"
"286",9,0.178264535144103,"Agree Non-resident"
"287",1,0.486611510215043,"Agree Non-resident"
"288",1,0.196092715748973,"Agree Non-resident"
"289",2,0.502052426039246,"Disagree Resident"
"290",2,0.3347688341132,"Disagree Resident"
"291",6,0.222681804384796,"Agree Non-resident"
"292",4,0.286180574503805,"Agree Non-resident"
"293",4,0.241005711677131,"Agree Non-resident"
"294",1,0.209288122907547,"Agree Non-resident"
"295",2,0.506806815444116,"Disagree Non-resident"
"296",5,0.337753264118299,"Agree Non-resident"
"297",8,0.237265376090104,"Agree Non-resident"
"298",1,0.236660826384342,"Agree Non-resident"
"299",5,0.238549051547229,"Agree Non-resident"
"300",1,0.321518299335732,"Agree Resident"
"301",9,0.553894306943856,"Agree Non-resident"
"302",2,0.33584970566391,"Disagree Non-resident"
"303",8,0.310131632943208,"Agree Non-resident"
"304",1,0.239467338819468,"Agree Non-resident"
"305",2,0.446274002257784,"Disagree Non-resident"
"306",9,0.271062515617343,"Agree Non-resident"
"307",4,0.30403430999161,"Agree Non-resident"
"308",2,0.446181657138745,"Disagree Non-resident"
"309",9,0.25974916160114,"Agree Resident"
"310",6,0.288840429626638,"Disagree Resident"
"311",8,0.252109546662828,"Disagree Resident"
"312",4,0.23918219379402,"Agree Resident"
"313",5,0.252328423519666,"Agree Non-resident"
"314",6,0.491223384500926,"Disagree Resident"
"315",4,0.308071104142688,"Agree Resident"
"316",7,0.167144121981116,"Agree Non-resident"
"317",10,0.396807572326833,"Agree Resident"
"318",7,0.172086847249627,"Agree Non-resident"
"319",7,0.527134917770012,"Disagree Non-resident"
"320",6,0.34489549853971,"Disagree Resident"
"321",3,0.440730911524406,"Agree Resident"
"322",8,0.400122797774567,"Disagree Resident"
"323",6,0.525287403868605,"Disagree Non-resident"
"324",5,0.199658222392042,"Agree Resident"
"325",5,0.186908739653762,"Agree Resident"
"326",2,0.471461183504133,"Disagree Non-resident"
"327",3,0.350727859295517,"Agree Resident"
"328",10,0.335939342874905,"Agree Resident"
"329",9,0.383644264052541,"Agree Non-resident"
"330",9,0.437910906266374,"Agree Non-resident"
"331",1,0.32700407576451,"Agree Resident"
"332",9,0.171770733953538,"Agree Resident"
"333",3,0.322017416585867,"Agree Non-resident"
"334",1,0.37527051066877,"Agree Non-resident"
"335",3,0.390857502883214,"Agree Resident"
"336",2,0.260627951214295,"Disagree Non-resident"
"337",10,0.348985705502528,"Agree Non-resident"
"338",7,0.21402977921718,"Agree Non-resident"
"339",4,0.191567782101121,"Agree Resident"
"340",8,0.286214567747487,"Disagree Resident"
"341",6,0.172830555725827,"Agree Resident"
"342",2,0.560602610772579,"Disagree Resident"
"343",6,0.244381396502725,"Disagree Resident"
"344",9,0.242915656544837,"Agree Non-resident"
"345",6,0.311749130086704,"Disagree Resident"
"346",2,0.601094332919969,"Disagree Resident"
"347",2,0.34724776127027,"Disagree Non-resident"
"348",7,0.243089205663722,"Disagree Resident"
"349",3,0.337015271142649,"Agree Non-resident"
"350",9,0.250949772867282,"Agree Non-resident"
"351",9,0.312143316027765,"Agree Resident"
"352",9,0.137887383234018,"Agree Non-resident"
"353",2,0.429581438417846,"Agree Resident"
"354",4,0.257366276387585,"Agree Resident"
"355",5,0.28675996292312,"Agree Resident"
"356",2,0.459296834017487,"Agree Resident"
"357",8,0.304476012799963,"Agree Non-resident"
"358",10,0.416714525944054,"Agree Non-resident"
"359",7,0.365371732019196,"Agree Non-resident"
"360",6,0.166483620091683,"Agree Resident"
"361",2,0.267429997100417,"Disagree Non-resident"
"362",1,0.321675657488888,"Agree Resident"
"363",10,0.175565437627996,"Agree Non-resident"
"364",7,0.457769897616234,"Disagree Resident"
"365",10,0.242879770154704,"Agree Non-resident"
"366",1,0.194676926377756,"Agree Resident"
"367",5,0.320991195663732,"Agree Resident"
"368",9,0.269601428684209,"Disagree Non-resident"
"369",9,0.324010398900803,"Agree Non-resident"
"370",6,0.368789972671312,"Disagree Non-resident"
"371",6,0.204406614480639,"Agree Non-resident"
"372",10,0.307818694975714,"Agree Non-resident"
"373",8,0.35361583433206,"Agree Non-resident"
"374",6,0.194264317962642,"Agree Resident"
"375",4,0.264192944394568,"Agree Non-resident"
"376",1,0.420081497494683,"Agree Resident"
"377",9,0.225007103088183,"Disagree Non-resident"
"378",9,0.351496867572494,"Agree Non-resident"
"379",4,0.249729937016141,"Agree Non-resident"
"380",2,0.447488743169276,"Disagree Resident"
"381",8,0.420793989042425,"Agree Non-resident"
"382",2,0.556113542398542,"Disagree Non-resident"
"383",2,0.499699526632892,"Agree Non-resident"
"384",2,0.581431005713548,"Disagree Resident"
"385",9,0.209846270090387,"Agree Non-resident"
"386",6,0.335915710639524,"Agree Resident"
"387",1,0.32209451717232,"Agree Non-resident"
"388",2,0.67373509439187,"Disagree Resident"
"389",5,0.253412824720985,"Agree Non-resident"
"390",2,0.301716563124748,"Disagree Resident"
"391",4,0.274906362095716,"Agree Resident"
"392",7,0.207480571714123,"Agree Non-resident"
"393",2,0.759478721437664,"Disagree Non-resident"
"394",9,0.421180806340983,"Agree Non-resident"
"395",6,0.385674363583636,"Disagree Resident"
"396",1,0.196175637503378,"Agree Resident"
"397",7,0.361356895018573,"Agree Resident"
"398",4,0.283227309180539,"Disagree Non-resident"
"399",2,0.661717377358786,"Disagree Non-resident"
"400",9,0.36171885223999,"Agree Non-resident"
"401",1,0.272507174118087,"Agree Non-resident"
"402",6,0.308709175011824,"Disagree Resident"
"403",1,0.557947917589064,"Agree Resident"
"404",4,0.183796150029116,"Agree Resident"
"405",4,0.373760175829428,"Agree Non-resident"
"406",9,0.275050883134156,"Agree Non-resident"
"407",4,0.250512056029119,"Agree Non-resident"
"408",5,0.274915722303622,"Agree Non-resident"
"409",1,0.305091227150489,"Agree Non-resident"
"410",9,0.521879971138215,"Agree Non-resident"
"411",8,0.231582203128984,"Agree Non-resident"
"412",9,0.480569542289199,"Agree Resident"
"413",6,0.189560141305446,"Agree Non-resident"
"414",4,0.328960047556401,"Agree Non-resident"
"415",2,0.197765507690223,"Disagree Resident"
"416",6,0.21570547232923,"Disagree Non-resident"
"417",5,0.31225673222621,"Agree Non-resident"
"418",7,0.369762179324947,"Agree Resident"
"419",3,0.230395890710766,"Agree Non-resident"
"420",2,0.54767359330427,"Disagree Resident"
"421",3,0.301848552293357,"Agree Non-resident"
"422",1,0.234434538985954,"Agree Non-resident"
"423",6,0.339300938475293,"Disagree Non-resident"
"424",5,0.235380153906259,"Agree Non-resident"
"425",6,0.41277783924986,"Disagree Resident"
"426",10,0.249381501360973,"Agree Non-resident"
"427",5,0.327035312948137,"Agree Non-resident"
"428",7,0.268377374188237,"Agree Non-resident"
"429",2,0.29764034548423,"Disagree Resident"
"430",4,0.288011491714526,"Agree Resident"
"431",4,0.291993906086327,"Disagree Resident"
"432",4,0.211130579445578,"Agree Non-resident"
"433",1,0.324094375099924,"Disagree Resident"
"434",2,0.456063446620038,"Disagree Resident"
"435",6,0.350538150106195,"Disagree Non-resident"
"436",5,0.259755407871122,"Agree Non-resident"
"437",7,0.297329684252157,"Agree Resident"
"438",7,0.28063698544412,"Disagree Resident"
"439",3,0.3096355758354,"Agree Resident"
"440",3,0.263950432721252,"Agree Resident"
"441",4,0.446180909727773,"Agree Resident"
"442",6,0.340876686634037,"Disagree Resident"
"443",4,0.269466167305601,"Agree Resident"
"444",8,0.247172986483767,"Agree Resident"
"445",9,0.253384360964133,"Disagree Resident"
"446",9,0.187938937595607,"Agree Non-resident"
"447",8,0.412276784974626,"Disagree Resident"
"448",2,0.45425434949504,"Disagree Resident"
"449",1,0.34396491392433,"Agree Resident"
"450",7,0.304200886680452,"Disagree Resident"
"451",4,0.330189560395478,"Agree Non-resident"
"452",7,0.204964532208868,"Disagree Resident"
"453",9,0.281957342279041,"Agree Resident"
"454",5,0.298570596198134,"Agree Non-resident"
"455",2,0.362261140941768,"Agree Resident"
"456",6,0.630330316409804,"Disagree Non-resident"
"457",4,0.237624913344287,"Disagree Resident"
"458",4,0.181151199738562,"Disagree Resident"
"459",7,0.180214666315045,"Agree Non-resident"
"460",4,0.282997669335523,"Agree Non-resident"
"461",3,0.337016139736863,"Agree Non-resident"
"462",2,0.271263230215513,"Disagree Resident"
"463",5,0.171598227505064,"Agree Non-resident"
"464",3,0.445447101270804,"Agree Non-resident"
"465",4,0.378358939407075,"Disagree Non-resident"
"466",5,0.187173586126988,"Agree Non-resident"
"467",2,0.294836911896569,"Disagree Resident"
"468",6,0.252266390074037,"Agree Resident"
"469",10,0.388448049636847,"Agree Non-resident"
"470",2,0.331577338648148,"Disagree Resident"
"471",9,0.153910161125219,"Agree Resident"
"472",8,0.351649756873428,"Disagree Resident"
"473",4,0.281491745675104,"Agree Resident"
"474",6,0.394381133761194,"Agree Non-resident"
"475",6,0.294932898362429,"Disagree Resident"
"476",4,0.349645734771978,"Agree Resident"
"477",3,0.314466066924244,"Agree Non-resident"
"478",8,0.15406880519258,"Agree Resident"
"479",10,0.446222601513516,"Agree Non-resident"
"480",8,0.467584546150568,"Agree Non-resident"
"481",10,0.4056216048126,"Agree Non-resident"
"482",6,0.638103763156938,"Disagree Non-resident"
"483",5,0.253408970924543,"Agree Non-resident"
"484",8,0.445759793236497,"Disagree Resident"
"485",6,0.349437520330941,"Disagree Resident"
"486",5,0.252855586449037,"Agree Resident"
"487",9,0.22515807991181,"Agree Non-resident"
"488",6,0.342986454466368,"Disagree Non-resident"
"489",5,0.2059070031419,"Agree Resident"
"490",3,0.47520297425568,"Agree Non-resident"
"491",9,0.424958356728998,"Disagree Resident"
"492",10,0.295962504117201,"Agree Resident"
"493",6,0.432833753161279,"Disagree Non-resident"
"494",1,0.285150667255714,"Agree Resident"
"495",1,0.320208359381669,"Agree Resident"
"496",9,0.160000651601117,"Agree Resident"
"497",4,0.252852500657592,"Agree Non-resident"
"498",6,0.194054800129601,"Agree Non-resident"
"499",4,0.42913431257903,"Agree Non-resident"
"500",3,0.490206054380819,"Agree Non-resident"
"501",1,0.245576769292942,"Agree Non-resident"
"502",8,0.578564118252873,"Disagree Non-resident"
"503",4,0.339438567818747,"Agree Non-resident"
"504",1,0.683477832151368,"Agree Resident"
"505",6,0.239088409314092,"Disagree Resident"
"506",4,0.409901204736942,"Agree Resident"
"507",9,0.171274341301379,"Agree Resident"
"508",4,0.229613488705647,"Agree Non-resident"
"509",9,0.211315894248269,"Agree Non-resident"
"510",1,0.447569858838827,"Agree Resident"
"511",2,0.260371694699909,"Agree Non-resident"
"512",8,0.402652260738002,"Agree Non-resident"
"513",4,0.367346122866959,"Disagree Resident"
"514",1,0.231688508168611,"Disagree Resident"
"515",4,0.198042201666254,"Agree Non-resident"
"516",2,0.36951393306991,"Agree Resident"
"517",4,0.149883231219613,"Agree Non-resident"
"518",8,0.244512864401581,"Disagree Resident"
"519",8,0.38949713116759,"Agree Non-resident"
"520",2,0.289716728786567,"Agree Non-resident"
"521",8,0.385899907698026,"Agree Non-resident"
"522",8,0.253938896440242,"Agree Non-resident"
"523",4,0.206499055007521,"Agree Non-resident"
"524",4,0.362807807103508,"Agree Non-resident"
"525",5,0.286411140740383,"Agree Non-resident"
"526",4,0.21423838344834,"Disagree Resident"
"527",2,0.312536512675391,"Agree Non-resident"
"528",4,0.318168650084361,"Disagree Non-resident"
"529",3,0.279319026281645,"Agree Non-resident"
"530",3,0.276876621708898,"Agree Non-resident"
"531",7,0.48567297988144,"Disagree Resident"
"532",9,0.327598194763963,"Agree Non-resident"
"533",2,0.315518667135665,"Disagree Resident"
"534",4,0.197334694606692,"Agree Non-resident"
"535",6,0.200595940520214,"Agree Resident"
"536",9,0.235612548798809,"Agree Non-resident"
"537",9,0.39589634713675,"Agree Resident"
"538",7,0.260846969907384,"Agree Resident"
"539",2,0.197446279459515,"Agree Resident"
"540",4,0.266655554118278,"Agree Non-resident"
"541",9,0.181796010501344,"Agree Non-resident"
"542",1,0.338927188388304,"Agree Non-resident"
"543",2,0.521429182779013,"Disagree Resident"
"544",4,0.30413237911033,"Agree Non-resident"
"545",10,0.413785728501599,"Agree Resident"
"546",9,0.341733857001873,"Agree Non-resident"
"547",4,0.397235734783622,"Agree Non-resident"
"548",1,0.253584788448951,"Agree Non-resident"
"549",9,0.366770628309483,"Agree Resident"
"550",5,0.354857651894181,"Agree Non-resident"
"551",9,0.163434490595749,"Agree Resident"
"552",4,0.285115848672348,"Agree Resident"
"553",6,0.249083820060044,"Disagree Non-resident"
"554",9,0.216994177349112,"Agree Non-resident"
"555",1,0.225320264888661,"Disagree Non-resident"
"556",4,0.216948055720611,"Agree Non-resident"
"557",10,0.401252767784493,"Agree Non-resident"
"558",9,0.388750146364558,"Agree Non-resident"
"559",3,0.427701012892515,"Agree Resident"
"560",3,0.389302120776442,"Agree Non-resident"
"561",10,0.22297263851867,"Agree Resident"
"562",1,0.201181897005852,"Agree Non-resident"
"563",9,0.337380313374354,"Agree Non-resident"
"564",5,0.339895569367899,"Agree Non-resident"
"565",4,0.250453831582866,"Disagree Non-resident"
"566",2,0.464538537519889,"Disagree Resident"
"567",6,0.665652718339836,"Disagree Non-resident"
"568",4,0.426792206289359,"Agree Non-resident"
"569",4,0.254057911666199,"Agree Non-resident"
"570",2,0.329440685664893,"Agree Non-resident"
"571",1,0.312311665865397,"Agree Resident"
"572",4,0.368935066327804,"Agree Non-resident"
"573",9,0.349280744404043,"Agree Resident"
"574",1,0.275204158676539,"Agree Non-resident"
"575",3,0.244039645096416,"Agree Non-resident"
"576",4,0.310381568271467,"Agree Non-resident"
"577",3,0.348567507361932,"Agree Resident"
"578",10,0.353240656840131,"Agree Resident"
"579",2,0.219920720288178,"Agree Non-resident"
"580",1,0.248655323482629,"Agree Non-resident"
"581",4,0.306477752002599,"Agree Non-resident"
"582",2,0.451662110556973,"Disagree Non-resident"
"583",2,0.359852978867187,"Disagree Non-resident"
"584",6,0.393875783859395,"Disagree Non-resident"
"585",1,0.184928662753954,"Agree Non-resident"
"586",2,0.656687097132269,"Disagree Non-resident"
"587",9,0.221056816739936,"Agree Resident"
"588",5,0.270863784827093,"Agree Non-resident"
"589",9,0.350977611540992,"Agree Non-resident"
"590",1,0.414223333566839,"Agree Non-resident"
"591",4,0.258935991438576,"Agree Non-resident"
"592",9,0.188339537947243,"Agree Non-resident"
"593",2,0.757993877996368,"Disagree Non-resident"
"594",3,0.204627833292867,"Agree Resident"
"595",9,0.285533601146112,"Agree Non-resident"
"596",3,0.394980619814796,"Agree Resident"
"597",8,0.431022720348596,"Disagree Non-resident"
"598",10,0.210427429230803,"Disagree Resident"
"599",4,0.248190664405466,"Agree Non-resident"
"600",1,0.408812617783231,"Agree Resident"
"601",6,0.463151737616218,"Disagree Non-resident"
"602",10,0.27446302180705,"Agree Resident"
"603",7,0.624812547907567,"Agree Resident"
"604",7,0.28985338378634,"Agree Non-resident"
"605",9,0.196701902233747,"Agree Resident"
"606",7,0.4352942515882,"Agree Resident"
"607",4,0.304258647739746,"Agree Resident"
"608",7,0.442515888802612,"Disagree Resident"
"609",3,0.250348080043238,"Agree Non-resident"
"610",1,0.197823648189058,"Agree Resident"
"611",4,0.392478572735251,"Agree Non-resident"
"612",10,0.222977553121293,"Agree Resident"
"613",1,0.271172893429028,"Agree Resident"
"614",2,0.260442867319379,"Disagree Non-resident"
"615",4,0.452309655765425,"Disagree Non-resident"
"616",4,0.396117261824073,"Agree Resident"
"617",4,0.314475646110656,"Agree Non-resident"
"618",4,0.285923435689602,"Disagree Resident"
"619",9,0.330401664823237,"Disagree Non-resident"
"620",2,0.463794139957368,"Disagree Resident"
"621",2,0.428898665882543,"Disagree Non-resident"
"622",2,0.257245506571068,"Disagree Non-resident"
"623",9,0.219961666321195,"Disagree Resident"
"624",9,0.253069869758333,"Agree Non-resident"
"625",8,0.316750015266093,"Agree Non-resident"
"626",4,0.335025742760671,"Agree Non-resident"
"627",2,0.249820251457923,"Agree Non-resident"
"628",9,0.248297343284334,"Agree Non-resident"
"629",2,0.402330142454604,"Disagree Non-resident"
"630",4,0.215755198757459,"Agree Resident"
"631",2,0.446965028846179,"Disagree Non-resident"
"632",1,0.394553807629867,"Agree Non-resident"
"633",6,0.39821223924124,"Disagree Resident"
"634",4,0.233209281974121,"Agree Resident"
"635",4,0.209439149851467,"Agree Non-resident"
"636",7,0.37138795928412,"Agree Resident"
"637",5,0.243189864281431,"Agree Non-resident"
"638",5,0.253536225619477,"Agree Non-resident"
"639",1,0.330993131968708,"Agree Resident"
"640",6,0.213179516518486,"Agree Non-resident"
"641",9,0.23690335457537,"Agree Non-resident"
"642",9,0.341110698141142,"Agree Non-resident"
"643",2,0.314802402953613,"Agree Non-resident"
"644",8,0.558031730992479,"Disagree Non-resident"
"645",5,0.244774471903178,"Agree Non-resident"
"646",4,0.242619384555144,"Agree Non-resident"
"647",1,0.407018681398078,"Disagree Resident"
"648",6,0.300692577335854,"Agree Non-resident"
"649",1,0.313143462045442,"Agree Non-resident"
"650",9,0.263218409725841,"Agree Non-resident"
"651",10,0.520149663574507,"Agree Non-resident"
"652",5,0.427719302201443,"Agree Resident"
"653",9,0.239644455353846,"Agree Non-resident"
"654",6,0.74186625586848,"Disagree Non-resident"
"655",9,0.413451189641283,"Disagree Resident"
"656",2,0.409146716036947,"Agree Non-resident"
"657",6,0.172679731737337,"Disagree Resident"
"658",5,0.273956424569253,"Agree Non-resident"
"659",6,0.336622611628751,"Agree Non-resident"
"660",4,0.24926639579573,"Agree Non-resident"
"661",9,0.253417424813132,"Agree Non-resident"
"662",10,0.215991876784355,"Agree Non-resident"
"663",2,0.317784722410952,"Agree Non-resident"
"664",9,0.265850876884822,"Disagree Non-resident"
"665",1,0.413511875648834,"Agree Resident"
"666",6,0.34358816879808,"Agree Non-resident"
"667",1,0.390784355163048,"Agree Non-resident"
"668",3,0.403026867863434,"Agree Resident"
"669",1,0.195596002213772,"Disagree Resident"
"670",2,0.793696853008034,"Disagree Resident"
"671",2,0.223130294842219,"Agree Non-resident"
"672",1,0.412740415994935,"Agree Resident"
"673",2,0.15905451184374,"Agree Non-resident"
"674",4,0.301533220943878,"Agree Non-resident"
"675",6,0.432833753161279,"Disagree Non-resident"
"676",7,0.245883325346438,"Agree Non-resident"
"677",2,0.594782455723133,"Disagree Resident"
"678",2,0.612720950164426,"Disagree Resident"
"679",9,0.246583727806981,"Agree Non-resident"
"680",6,0.189623900592969,"Agree Non-resident"
"681",2,0.437366851162811,"Agree Non-resident"
"682",10,0.206678822319596,"Agree Non-resident"
"683",6,0.625927743531179,"Disagree Non-resident"
"684",6,0.585520401852674,"Disagree Non-resident"
"685",2,0.349660859234298,"Disagree Resident"
"686",2,0.603460249148541,"Disagree Resident"
"687",3,0.353324885827052,"Agree Resident"
"688",9,0.26651306451515,"Agree Non-resident"
"689",8,0.358050889501903,"Agree Non-resident"
"690",5,0.205315270444338,"Agree Non-resident"
"691",9,0.282240677801314,"Agree Non-resident"
"692",10,0.287176908752921,"Agree Resident"
"693",4,0.241927780385523,"Agree Non-resident"
"694",9,0.294274521038382,"Agree Non-resident"
"695",3,0.349537562487427,"Agree Non-resident"
"696",6,0.498103612807832,"Disagree Resident"
"697",4,0.211572930025149,"Agree Resident"
"698",7,0.327089894012598,"Disagree Non-resident"
"699",8,0.461880278073271,"Disagree Resident"
"700",5,0.309758939845108,"Agree Non-resident"
"701",3,0.307781732714798,"Agree Non-resident"
"702",9,0.302969232959467,"Agree Non-resident"
"703",9,0.506084281463771,"Agree Non-resident"
"704",1,0.170686434606054,"Agree Non-resident"
"705",1,0.48745592043714,"Agree Non-resident"
"706",7,0.312397901838802,"Disagree Non-resident"
"707",9,0.313260786463163,"Agree Non-resident"
"708",5,0.41230249599085,"Agree Non-resident"
"709",6,0.203165184713532,"Agree Non-resident"
"710",6,0.543191806890579,"Agree Non-resident"
"711",2,0.378543775756881,"Agree Resident"
"712",6,0.375351863810737,"Agree Non-resident"
"713",2,0.42530631463489,"Agree Non-resident"
"714",4,0.223565271006971,"Agree Resident"
"715",2,0.609013375832988,"Disagree Non-resident"
"716",5,0.247235600445544,"Agree Non-resident"
"717",7,0.20074449709486,"Agree Resident"
"718",6,0.324091521604871,"Disagree Resident"
"719",3,0.316753486991365,"Agree Resident"
"720",4,0.549378316395909,"Agree Resident"
"721",4,0.336461086402462,"Agree Resident"
"722",6,0.212690781686773,"Agree Non-resident"
"723",4,0.310279261120051,"Agree Non-resident"
"724",3,0.272143400946929,"Agree Non-resident"
"725",3,0.387117996388584,"Agree Resident"
"726",2,0.378114762352,"Disagree Non-resident"
"727",10,0.291152554832961,"Agree Resident"
"728",3,0.36039164531632,"Agree Non-resident"
"729",1,0.426585757781397,"Agree Resident"
"730",10,0.265436997849063,"Agree Non-resident"
"731",5,0.18400717279515,"Agree Resident"
"732",5,0.192443130285385,"Agree Non-resident"
"733",4,0.202619653861216,"Agree Resident"
"734",10,0.324183787556833,"Agree Non-resident"
"735",8,0.331247562033876,"Disagree Non-resident"
"736",8,0.242340008728976,"Agree Non-resident"
"737",4,0.282770545424652,"Agree Resident"
"738",7,0.385187429621986,"Agree Non-resident"
"739",8,0.600569833253674,"Disagree Resident"
"740",4,0.314682945570537,"Agree Non-resident"
"741",1,0.237160068185538,"Agree Non-resident"
"742",9,0.500770034627263,"Agree Non-resident"
"743",5,0.31014410134231,"Agree Non-resident"
"744",4,0.314050566631653,"Agree Non-resident"
"745",2,0.405248909101193,"Disagree Resident"
"746",5,0.204462229508036,"Agree Resident"
"747",4,0.265043505169323,"Agree Resident"
"748",4,0.258300295858061,"Disagree Resident"
"749",7,0.362769539455397,"Agree Resident"
"750",5,0.201110679062717,"Agree Resident"
"751",1,0.388259267161244,"Agree Non-resident"
"752",9,0.482059772593093,"Agree Non-resident"
"753",2,0.605978066165827,"Disagree Non-resident"
"754",9,0.418403208516974,"Agree Non-resident"
"755",1,0.288000069375917,"Agree Non-resident"
"756",6,0.5458200793377,"Disagree Non-resident"
"757",4,0.407255752540864,"Agree Resident"
"758",1,0.294360950027789,"Agree Non-resident"
"759",9,0.357631092625963,"Agree Resident"
"760",4,0.769295926342804,"Agree Non-resident"
"761",7,0.260351672661673,"Agree Resident"
"762",4,0.338573569055286,"Agree Resident"
"763",1,0.328157249786107,"Agree Resident"
"764",10,0.443201656191894,"Agree Non-resident"
"765",1,0.323916365842386,"Agree Non-resident"
"766",9,0.340361212809117,"Agree Non-resident"
"767",9,0.48737924251411,"Agree Non-resident"
"768",7,0.205738396897434,"Agree Non-resident"
"769",5,0.401964362287345,"Agree Non-resident"
"770",8,0.256280552293447,"Disagree Resident"
"771",4,0.555931328395068,"Agree Non-resident"
"772",8,0.346010667835217,"Disagree Resident"
"773",1,0.20341086174693,"Agree Resident"
"774",7,0.395358702604785,"Disagree Resident"
"775",4,0.268859699470966,"Agree Resident"
"776",5,0.312435426069845,"Agree Non-resident"
"777",8,0.295084141084707,"Disagree Non-resident"
"778",4,0.269171267137778,"Agree Non-resident"
"779",5,0.326330318716098,"Agree Non-resident"
"780",1,0.330816035593595,"Agree Non-resident"
"781",2,0.440733005060095,"Disagree Resident"
"782",9,0.288898299006283,"Agree Resident"
"783",5,0.40267267569844,"Agree Non-resident"
"784",2,0.410167095107154,"Disagree Non-resident"
"785",1,0.285338203247425,"Agree Non-resident"
"786",1,0.239308601121699,"Agree Resident"
"787",9,0.197755441079939,"Agree Non-resident"
"788",3,0.2972056227861,"Agree Resident"
"789",4,0.289376167346627,"Agree Resident"
"790",8,0.168145440248474,"Agree Resident"
"791",4,0.272769647433352,"Agree Non-resident"
"792",4,0.314050566631653,"Agree Non-resident"
"793",9,0.334730645054329,"Agree Non-resident"
"794",2,0.395770061557742,"Disagree Non-resident"
"795",2,0.317791830528799,"Disagree Resident"
"796",5,0.373765806248907,"Agree Non-resident"
"797",3,0.250348080043238,"Agree Non-resident"
"798",8,0.305504247721182,"Agree Non-resident"
"799",10,0.359965161401814,"Agree Non-resident"
"800",2,0.194129273858153,"Disagree Resident"
"801",4,0.35963408972724,"Agree Non-resident"
"802",8,0.685485562540002,"Disagree Resident"
"803",8,0.289850678899559,"Agree Resident"
"804",4,0.435794536690002,"Agree Resident"
"805",2,0.432923464772174,"Agree Resident"
"806",4,0.274264503266619,"Agree Non-resident"
"807",1,0.217887470193395,"Agree Resident"
"808",3,0.432858821221857,"Agree Non-resident"
"809",2,0.505730729533783,"Disagree Non-resident"
"810",9,0.263453253361731,"Agree Non-resident"
"811",9,0.357006987387931,"Agree Non-resident"
"812",3,0.250348080043238,"Agree Non-resident"
"813",9,0.321882096753761,"Agree Non-resident"
"814",9,0.283183791692206,"Agree Non-resident"
"815",6,0.468601427485709,"Disagree Non-resident"
"816",9,0.261266475367888,"Agree Non-resident"
"817",7,0.320060514316122,"Agree Resident"
"818",9,0.326029286674873,"Agree Non-resident"
"819",6,0.300003277636226,"Disagree Resident"
"820",8,0.221226009219392,"Disagree Resident"
"821",4,0.315373337431109,"Agree Non-resident"
"822",1,0.359853096551623,"Agree Resident"
"823",9,0.206993805349604,"Agree Resident"
"824",6,0.248502373193674,"Disagree Resident"
"825",2,0.75250213486821,"Disagree Non-resident"
"826",8,0.314040553414351,"Agree Non-resident"
"827",10,0.301331451169649,"Agree Non-resident"
"828",9,0.207256079056927,"Agree Non-resident"
"829",9,0.377333277867551,"Agree Non-resident"
"830",6,0.311666896244582,"Agree Non-resident"
"831",3,0.299347154910531,"Agree Resident"
"832",1,0.433902118093855,"Agree Non-resident"
"833",6,0.543885167561202,"Disagree Resident"
"834",6,0.373269299538432,"Agree Non-resident"
"835",8,0.259042843707636,"Agree Non-resident"
"836",6,0.33190063056918,"Disagree Resident"
"837",5,0.288455113620446,"Agree Non-resident"
"838",7,0.256875923748445,"Disagree Non-resident"
"839",2,0.448136008630583,"Disagree Resident"
"840",3,0.242458427615935,"Agree Non-resident"
"841",3,0.353546254974111,"Agree Resident"
"842",1,0.437519847447671,"Agree Non-resident"
"843",7,0.2945640097451,"Agree Resident"
"844",2,0.575126171262179,"Disagree Resident"
"845",1,0.453301607891143,"Agree Resident"
"846",4,0.269786476504817,"Agree Resident"
"847",4,0.253020235442186,"Agree Resident"
"848",1,0.364780712460853,"Agree Non-resident"
"849",8,0.158830526792288,"Agree Resident"
"850",10,0.341465338004066,"Agree Resident"
"851",7,0.273362388025945,"Agree Non-resident"
"852",9,0.266002637424905,"Agree Non-resident"
"853",4,0.317111653697427,"Agree Non-resident"
"854",3,0.315152722906852,"Agree Resident"
"855",3,0.276080855383949,"Agree Non-resident"
"856",2,0.748810604136092,"Disagree Non-resident"
"857",4,0.21403707405727,"Agree Non-resident"
"858",10,0.34189477506312,"Agree Non-resident"
"859",6,0.726229811124403,"Disagree Non-resident"
"860",1,0.258363153961031,"Agree Non-resident"
"861",10,0.206678822319596,"Agree Non-resident"
"862",9,0.17058498012616,"Agree Non-resident"
"863",9,0.30136411005781,"Agree Non-resident"
"864",10,0.35077817368229,"Agree Resident"
"865",9,0.461955882670572,"Agree Resident"
"866",9,0.304139719379777,"Agree Resident"
"867",2,0.318331121431203,"Disagree Non-resident"
"868",2,0.420146061818122,"Disagree Non-resident"
"869",4,0.289160819494865,"Agree Non-resident"
"870",9,0.248014116626735,"Disagree Resident"
"871",2,0.564878519272817,"Disagree Resident"
"872",9,0.425610183944476,"Agree Non-resident"
"873",1,0.283881614407971,"Disagree Resident"
"874",7,0.515189911722825,"Agree Non-resident"
"875",2,0.290412491420057,"Agree Non-resident"
"876",1,0.199949883154414,"Agree Non-resident"
"877",9,0.239945307977032,"Agree Resident"
"878",8,0.453244770167341,"Disagree Resident"
"879",2,0.33084026949475,"Disagree Resident"
"880",4,0.272384325863236,"Agree Resident"
"881",2,0.279636748933279,"Agree Non-resident"
"882",5,0.183323117422736,"Agree Resident"
"883",3,0.401617029971031,"Agree Resident"
"884",7,0.282039366253095,"Disagree Resident"
"885",1,0.225097629574681,"Agree Non-resident"
"886",3,0.389303685951675,"Agree Non-resident"
"887",4,0.484073289241465,"Agree Non-resident"
"888",1,0.455311584656161,"Agree Resident"
"889",4,0.20979241298441,"Agree Resident"
"890",9,0.18459197959818,"Agree Non-resident"
"891",6,0.271091075969817,"Agree Resident"
"892",1,0.306512787252751,"Agree Resident"
"893",7,0.299900291697326,"Agree Resident"
"894",4,0.396577607067546,"Agree Resident"
"895",5,0.284284915663939,"Agree Resident"
"896",2,0.742860439480004,"Disagree Resident"
"897",6,0.157898354198116,"Agree Resident"
"898",6,0.309527289192924,"Agree Resident"
"899",7,0.195008485024001,"Agree Resident"
"900",9,0.223540604611164,"Agree Non-resident"
"901",1,0.369793269307207,"Disagree Non-resident"
"902",10,0.23298407040856,"Agree Non-resident"
"903",1,0.299440655464952,"Agree Resident"
"904",10,0.198463536908318,"Agree Non-resident"
"905",1,0.25980146870817,"Agree Non-resident"
"906",10,0.40451885783003,"Agree Resident"
"907",2,0.309035797601319,"Disagree Resident"
"908",4,0.235823207142093,"Agree Non-resident"
"909",1,0.195772114955448,"Agree Resident"
"910",8,0.556540125224391,"Disagree Resident"
"911",9,0.307872770273445,"Agree Resident"
"912",3,0.277354631474424,"Agree Non-resident"
"913",9,0.498265936820611,"Agree Non-resident"
"914",5,0.397808845376936,"Agree Non-resident"
"915",6,0.353806915748698,"Disagree Resident"
"916",8,0.231939444327122,"Disagree Non-resident"
"917",4,0.17839884313458,"Disagree Resident"
"918",1,0.5361189375284,"Agree Resident"
"919",6,0.275891514643734,"Agree Resident"
"920",5,0.388964172287266,"Agree Non-resident"
"921",7,0.439533822534882,"Disagree Resident"
"922",4,0.285587090680968,"Agree Non-resident"
"923",4,0.445154694229186,"Disagree Non-resident"
"924",9,0.290226875579193,"Agree Non-resident"
"925",4,0.247986885139303,"Agree Resident"
"926",2,0.271219857323986,"Disagree Resident"
"927",2,0.251896369081982,"Disagree Resident"
"928",4,0.198026591163363,"Agree Resident"
"929",9,0.403013298306667,"Agree Non-resident"
"930",10,0.28260467648891,"Agree Non-resident"
"931",3,0.228685812376266,"Agree Resident"
"932",3,0.144228936690042,"Disagree Non-resident"
"933",4,0.198159401952398,"Disagree Resident"
"934",1,0.334656941723952,"Agree Resident"
"935",7,0.260881546065735,"Agree Resident"
"936",5,0.318621340435699,"Agree Non-resident"
"937",9,0.162561383713401,"Agree Non-resident"
"938",10,0.254379758381808,"Agree Resident"
"939",8,0.276868905577589,"Disagree Resident"
"940",2,0.47995501116782,"Disagree Non-resident"
"941",2,0.628781630262178,"Disagree Non-resident"
"942",8,0.54926342318896,"Disagree Resident"
"943",4,0.473909543756937,"Agree Non-resident"
"944",2,0.41871138870741,"Disagree Resident"
"945",7,0.2173445823463,"Agree Resident"
"946",7,0.303217049473403,"Disagree Resident"
"947",3,0.353324910541689,"Agree Resident"
"948",9,0.250270731231207,"Agree Non-resident"
"949",7,0.446418397756472,"Agree Non-resident"
"950",9,0.419903459145949,"Agree Non-resident"
"951",9,0.254495422379376,"Agree Non-resident"
"952",2,0.511212074816701,"Agree Non-resident"
"953",1,0.396821015460628,"Agree Resident"
"954",8,0.368241335957233,"Disagree Non-resident"
"955",6,0.330583776194503,"Disagree Resident"
"956",2,0.677670212597805,"Agree Non-resident"
"957",10,0.237432575971307,"Agree Non-resident"
"958",7,0.244415685863777,"Agree Resident"
"959",9,0.198064924941059,"Agree Non-resident"
"960",8,0.508554007146576,"Disagree Resident"
"961",4,0.339721139497981,"Disagree Resident"
"962",9,0.257059993427386,"Agree Non-resident"
"963",8,0.592339210947064,"Disagree Resident"
"964",10,0.250215545648779,"Agree Resident"
"965",1,0.173993515121415,"Agree Resident"
"966",8,0.431272369969549,"Agree Resident"
"967",7,0.222231249126912,"Agree Non-resident"
"968",4,0.255292409087764,"Agree Resident"
"969",6,0.432833753161279,"Disagree Non-resident"
"970",7,0.365687211019711,"Disagree Resident"
"971",1,0.271039999224905,"Agree Resident"
"972",9,0.385971809970565,"Agree Non-resident"
"973",9,0.265371207441915,"Agree Non-resident"
"974",9,0.349139099461888,"Agree Resident"
"975",7,0.224908420541802,"Disagree Resident"
"976",4,0.324677449762022,"Disagree Resident"
"977",6,0.481661858703811,"Disagree Non-resident"
"978",2,0.445876660371809,"Disagree Non-resident"
"979",4,0.14783089671263,"Agree Non-resident"
"980",5,0.309763184019659,"Agree Non-resident"
"981",9,0.338598103787569,"Agree Non-resident"
"982",10,0.296857467235793,"Agree Non-resident"
"983",2,0.382531560900403,"Disagree Resident"
"984",5,0.315715826343469,"Agree Non-resident"
"985",4,0.257719968960692,"Agree Non-resident"
"986",2,0.40265509318092,"Disagree Non-resident"
"987",9,0.299969523607195,"Agree Non-resident"
"988",4,0.242509637196912,"Agree Non-resident"
"989",9,0.22858523742871,"Agree Non-resident"
"990",9,0.378601661089492,"Agree Non-resident"
"991",9,0.212192614923361,"Agree Non-resident"
"992",6,0.26400798067022,"Disagree Non-resident"
"993",6,0.205943922865609,"Agree Non-resident"
"994",10,0.380998752115396,"Agree Resident"
"995",8,0.339109410761492,"Agree Resident"
"996",9,0.186759746098014,"Agree Non-resident"
"997",4,0.461390846532607,"Disagree Non-resident"
"998",9,0.188789852104971,"Agree Non-resident"
"999",2,0.322020250691566,"Agree Non-resident"
"1000",5,0.286522952686836,"Agree Non-resident"
"1001",5,0.223232137460322,"Agree Non-resident"
"1002",6,0.325461724937771,"Agree Resident"
"1003",9,0.18678620767416,"Agree Non-resident"
"1004",4,0.380207329401119,"Agree Non-resident"
"1005",4,0.366649032687452,"Agree Non-resident"
"1006",5,0.308156190154007,"Agree Resident"
"1007",5,0.218190451202312,"Agree Non-resident"
"1008",6,0.562278797463755,"Disagree Non-resident"
"1009",2,0.323092860696551,"Agree Non-resident"
"1010",3,0.500343867404697,"Agree Non-resident"
"1011",2,0.506112959836546,"Disagree Non-resident"
"1012",1,0.229422596700912,"Agree Non-resident"
"1013",4,0.346656029355425,"Agree Non-resident"
"1014",3,0.293876910810768,"Agree Non-resident"
"1015",2,0.24682032551922,"Disagree Non-resident"
"1016",2,0.290202312771704,"Agree Non-resident"
"1017",1,0.264777720852968,"Agree Resident"
"1018",4,0.233396456609639,"Agree Non-resident"
"1019",4,0.351817691124883,"Disagree Resident"
"1020",3,0.286710486018041,"Agree Resident"
"1021",2,0.261352635939476,"Agree Non-resident"
"1022",2,0.23235642323492,"Agree Non-resident"
"1023",3,0.268174038249718,"Agree Non-resident"
"1024",2,0.6244144152917,"Disagree Resident"
"1025",4,0.201950725121725,"Agree Non-resident"
"1026",9,0.185358717258768,"Agree Resident"
"1027",6,0.504784744793064,"Disagree Non-resident"
"1028",6,0.252017210942339,"Agree Non-resident"
"1029",4,0.231269735135524,"Agree Non-resident"
"1030",1,0.442157411129329,"Agree Non-resident"
"1031",8,0.300653455630477,"Disagree Resident"
"1032",9,0.264868391087225,"Agree Non-resident"
"1033",6,0.601812429983437,"Disagree Non-resident"
"1034",6,0.243315255733522,"Agree Non-resident"
"1035",4,0.219632361494225,"Agree Non-resident"
"1036",3,0.60410656260814,"Agree Resident"
"1037",3,0.24586972807979,"Agree Resident"
"1038",4,0.221753353110559,"Agree Non-resident"
"1039",3,0.256853031324659,"Agree Non-resident"
"1040",9,0.217799275999784,"Agree Resident"
"1041",6,0.295873211947235,"Disagree Non-resident"
"1042",4,0.221263693612903,"Agree Non-resident"
"1043",7,0.304625380600242,"Agree Non-resident"
"1044",9,0.282388283008226,"Agree Resident"
"1045",9,0.187844077725496,"Agree Resident"
"1046",6,0.342242408028528,"Disagree Resident"
"1047",1,0.298315633892378,"Agree Resident"
"1048",2,0.29835536123033,"Agree Non-resident"
"1049",5,0.192401043903822,"Agree Non-resident"
"1050",6,0.206248547236462,"Agree Non-resident"
"1051",1,0.411767479777474,"Agree Non-resident"
"1052",9,0.32932945711231,"Agree Non-resident"
"1053",2,0.40510539894102,"Disagree Resident"
"1054",5,0.302596137192457,"Agree Non-resident"
"1055",8,0.268611958959831,"Disagree Resident"
"1056",1,0.289461472432269,"Disagree Resident"
"1057",7,0.331369644053262,"Disagree Resident"
"1058",9,0.28820355099807,"Agree Non-resident"
"1059",5,0.273076535182731,"Agree Non-resident"
"1060",9,0.399426363637526,"Disagree Resident"
"1061",4,0.264629373350603,"Agree Non-resident"
"1062",2,0.420149224789404,"Agree Resident"
"1063",7,0.220336895830623,"Agree Resident"
"1064",9,0.44098049168773,"Agree Non-resident"
"1065",4,0.42392631871363,"Agree Non-resident"
"1066",9,0.283811335190053,"Disagree Resident"
"1067",5,0.243203287507053,"Agree Non-resident"
"1068",9,0.624891567137811,"Agree Non-resident"
"1069",5,0.218728933579701,"Agree Non-resident"
"1070",3,0.349541439492403,"Agree Non-resident"
"1071",9,0.249577561566948,"Agree Non-resident"
"1072",2,0.588213835475158,"Disagree Non-resident"
"1073",10,0.204472132992124,"Agree Resident"
"1074",8,0.273040233927805,"Disagree Resident"
"1075",10,0.356877914254445,"Agree Non-resident"
"1076",5,0.229902196539361,"Agree Non-resident"
"1077",7,0.593539611429558,"Disagree Resident"
"1078",8,0.558240443929402,"Disagree Non-resident"
"1079",2,0.518456605699544,"Disagree Resident"
"1080",7,0.211117175181582,"Agree Non-resident"
"1081",10,0.377655573594795,"Agree Non-resident"
"1082",9,0.342970912698121,"Agree Resident"
"1083",3,0.251973244910823,"Agree Resident"
"1084",3,0.391323008172862,"Agree Resident"
"1085",2,0.651596382077665,"Disagree Non-resident"
"1086",8,0.642693746472304,"Disagree Resident"
"1087",7,0.290162390548248,"Agree Resident"
"1088",8,0.20110249343961,"Agree Resident"
"1089",2,0.376809003214183,"Agree Non-resident"
"1090",1,0.291107352258659,"Agree Resident"
"1091",1,0.325588270062456,"Agree Non-resident"
"1092",7,0.661688475139169,"Disagree Resident"
"1093",4,0.302570886183662,"Agree Resident"
"1094",1,0.227129506727243,"Agree Resident"
"1095",4,0.258689757981952,"Disagree Non-resident"
"1096",5,0.172942144620152,"Agree Resident"
"1097",1,0.347210169131201,"Agree Resident"
"1098",9,0.304795468724941,"Agree Non-resident"
"1099",4,0.369933845195758,"Agree Non-resident"
"1100",9,0.408117189483345,"Agree Non-resident"
"1101",1,0.219500013435171,"Agree Resident"
"1102",3,0.250348080043238,"Agree Non-resident"
"1103",1,0.288423091654646,"Agree Non-resident"
"1104",2,0.242551514309812,"Agree Non-resident"
"1105",4,0.32003624300571,"Agree Non-resident"
"1106",10,0.206502464404803,"Agree Non-resident"
"1107",5,0.186266248145535,"Agree Resident"
"1108",9,0.230442224700034,"Agree Non-resident"
"1109",9,0.304357342446811,"Disagree Non-resident"
"1110",9,0.322017095107941,"Agree Non-resident"
"1111",5,0.253470512150984,"Agree Non-resident"
"1112",3,0.271633426169846,"Agree Resident"
"1113",5,0.229642525496193,"Agree Non-resident"
"1114",9,0.393118082448096,"Agree Non-resident"
"1115",3,0.349506371345528,"Agree Non-resident"
"1116",4,0.171626301448269,"Agree Non-resident"
"1117",4,0.314475646110656,"Agree Non-resident"
"1118",2,0.300383250279689,"Agree Non-resident"
"1119",9,0.422193100717589,"Agree Non-resident"
"1120",1,0.196675190477379,"Agree Resident"
"1121",3,0.353541681862884,"Agree Resident"
"1122",6,0.305080616395168,"Disagree Resident"
"1123",2,0.325936663773238,"Disagree Non-resident"
"1124",4,0.338329337058535,"Agree Non-resident"
"1125",7,0.319347929253703,"Agree Resident"
"1126",8,0.657302335101493,"Disagree Resident"
"1127",4,0.35487348136737,"Agree Non-resident"
"1128",9,0.431782948543037,"Agree Resident"
"1129",9,0.183156127245661,"Agree Resident"
"1130",10,0.17638723721412,"Agree Resident"
"1131",4,0.39071114229818,"Agree Resident"
"1132",4,0.290247884848585,"Agree Resident"
"1133",3,0.298858595582275,"Agree Resident"
"1134",1,0.247687820723202,"Agree Resident"
"1135",9,0.439962086359401,"Agree Resident"
"1136",2,0.429778028955486,"Agree Non-resident"
"1137",9,0.255122435692539,"Agree Resident"
"1138",7,0.21333341124944,"Agree Non-resident"
"1139",3,0.188441301007313,"Agree Resident"
"1140",6,0.692772377093678,"Disagree Non-resident"
"1141",7,0.21922526252975,"Disagree Resident"
"1142",4,0.334100062158223,"Agree Non-resident"
"1143",1,0.189534680285734,"Agree Non-resident"
"1144",1,0.499951846036154,"Agree Resident"
"1145",10,0.206674422444074,"Agree Non-resident"
"1146",5,0.302600496224725,"Agree Non-resident"
"1147",4,0.310074071259127,"Agree Resident"
"1148",6,0.420151885017853,"Agree Resident"
"1149",4,0.232683445425306,"Agree Non-resident"
"1150",3,0.490206064797683,"Agree Non-resident"
"1151",4,0.221635082227172,"Agree Resident"
"1152",3,0.298792631547148,"Agree Resident"
"1153",2,0.45606884754182,"Agree Resident"
"1154",1,0.183027403234407,"Agree Resident"
"1155",9,0.187881189305159,"Disagree Resident"
"1156",1,0.233976144615739,"Agree Non-resident"
"1157",9,0.424959942041195,"Agree Non-resident"
"1158",3,0.354175372558457,"Agree Non-resident"
"1159",8,0.22305308084991,"Disagree Non-resident"
"1160",9,0.232633465527975,"Agree Non-resident"
"1161",7,0.253788158999481,"Agree Non-resident"
"1162",6,0.326363155933655,"Disagree Non-resident"
"1163",9,0.434633459835901,"Agree Non-resident"
"1164",6,0.588135411374662,"Disagree Resident"
"1165",2,0.23833757530014,"Disagree Resident"
"1166",4,0.251766681267325,"Agree Non-resident"
"1167",4,0.338297770561931,"Agree Resident"
"1168",2,0.314352776955046,"Agree Non-resident"
"1169",2,0.599480872976746,"Agree Resident"
"1170",8,0.305720977625667,"Agree Non-resident"
"1171",3,0.389303685951675,"Agree Non-resident"
"1172",8,0.267111165149734,"Agree Resident"
"1173",9,0.265209494049398,"Agree Non-resident"
"1174",7,0.222618809525829,"Agree Resident"
"1175",3,0.318154173687102,"Agree Resident"
"1176",2,0.744984947468124,"Disagree Non-resident"
"1177",2,0.444119002601452,"Agree Non-resident"
"1178",4,0.31384907914505,"Agree Non-resident"
"1179",6,0.236023978931707,"Agree Non-resident"
"1180",4,0.215988042495781,"Agree Resident"
"1181",8,0.396490982395186,"Agree Resident"
"1182",2,0.293413158932036,"Agree Resident"
"1183",10,0.206674422444074,"Agree Non-resident"
"1184",8,0.39963221817857,"Disagree Resident"
"1185",2,0.382973804976036,"Disagree Non-resident"
"1186",4,0.248129967024221,"Agree Non-resident"
"1187",2,0.362861009152888,"Agree Non-resident"
"1188",2,0.414109470955553,"Disagree Resident"
"1189",9,0.373196097864117,"Agree Non-resident"
"1190",5,0.250552280502858,"Agree Resident"
"1191",2,0.407989642247394,"Disagree Resident"
"1192",10,0.279946961288951,"Agree Non-resident"
"1193",4,0.287599064188484,"Agree Resident"
"1194",2,0.448385714373181,"Disagree Resident"
"1195",4,0.339046824403501,"Agree Resident"
"1196",2,0.241426799650923,"Agree Non-resident"
"1197",4,0.306082831900576,"Agree Non-resident"
"1198",9,0.411002601978046,"Agree Non-resident"
"1199",5,0.289453942152993,"Agree Non-resident"
"1200",8,0.354385875565039,"Agree Non-resident"
"1201",8,0.361771375134417,"Disagree Non-resident"
"1202",3,0.314973501227204,"Agree Non-resident"
"1203",9,0.468788110828309,"Agree Resident"
"1204",2,0.657914084391786,"Agree Non-resident"
"1205",9,0.420622502084271,"Agree Non-resident"
"1206",9,0.310917552544876,"Agree Non-resident"
"1207",2,0.209735809931565,"Agree Non-resident"
"1208",8,0.206158989535644,"Disagree Resident"
"1209",9,0.344198393177867,"Agree Non-resident"
"1210",7,0.287342229189886,"Disagree Resident"
"1211",10,0.165301987014793,"Agree Non-resident"
"1212",7,0.281931228657234,"Agree Resident"
"1213",4,0.285115848672348,"Agree Resident"
"1214",10,0.171221902892001,"Agree Non-resident"
"1215",9,0.316289524684891,"Agree Non-resident"
"1216",1,0.206154590475088,"Agree Resident"
"1217",2,0.264106991574734,"Agree Non-resident"
"1218",4,0.310279261120051,"Agree Non-resident"
"1219",2,0.424723235350711,"Agree Resident"
"1220",4,0.324286221169587,"Agree Resident"
"1221",4,0.425026902810565,"Agree Non-resident"
"1222",5,0.266478733588005,"Agree Non-resident"
"1223",5,0.311615583707747,"Agree Non-resident"
"1224",4,0.320532996398582,"Agree Non-resident"
"1225",7,0.278723044979603,"Disagree Resident"
"1226",9,0.367248389208692,"Agree Non-resident"
"1227",6,0.638429407178968,"Disagree Non-resident"
"1228",4,0.214305665410131,"Agree Non-resident"
"1229",6,0.284815095523203,"Agree Resident"
"1230",9,0.288763549735295,"Agree Non-resident"
"1231",6,0.189232210057013,"Agree Resident"
"1232",7,0.222537310892772,"Agree Resident"
"1233",4,0.295810151365881,"Agree Non-resident"
"1234",1,0.339782316968821,"Agree Non-resident"
"1235",6,0.40216054706096,"Disagree Resident"
"1236",5,0.286562253713095,"Agree Resident"
"1237",1,0.29428536221614,"Agree Non-resident"
"1238",3,0.216554436724787,"Agree Resident"
"1239",9,0.465934812684532,"Agree Non-resident"
"1240",8,0.20892022096614,"Disagree Resident"
"1241",10,0.383805362942036,"Agree Non-resident"
"1242",5,0.466142446765017,"Agree Non-resident"
"1243",5,0.391787047675477,"Agree Resident"
"1244",6,0.352452139117678,"Agree Resident"
"1245",1,0.246082993055491,"Agree Non-resident"
"1246",4,0.230374785348696,"Agree Non-resident"
"1247",6,0.181577374348238,"Agree Non-resident"
"1248",3,0.223076947003621,"Agree Non-resident"
"1249",7,0.188888643679525,"Agree Resident"
"1250",7,0.43609507537665,"Disagree Resident"
"1251",9,0.263156446441175,"Agree Resident"
"1252",6,0.304512050789062,"Agree Non-resident"
"1253",9,0.41311152587711,"Agree Non-resident"
"1254",2,0.735069369390879,"Disagree Non-resident"
"1255",2,0.517897168425269,"Disagree Resident"
"1256",6,0.311747756661872,"Disagree Resident"
"1257",5,0.282654558756312,"Agree Non-resident"
"1258",5,0.262350144731937,"Agree Non-resident"
"1259",5,0.303021175119411,"Agree Non-resident"
"1260",4,0.25792404685769,"Agree Resident"
"1261",6,0.463469636809256,"Agree Non-resident"
"1262",4,0.204710286247733,"Agree Non-resident"
"1263",4,0.256998670605883,"Agree Non-resident"
"1264",3,0.306063044687034,"Agree Resident"
"1265",4,0.401642802455972,"Agree Non-resident"
"1266",4,0.235207613749098,"Agree Non-resident"
"1267",4,0.413448813025353,"Agree Non-resident"
"1268",9,0.20889801094245,"Agree Non-resident"
"1269",9,0.333629019672363,"Agree Non-resident"
"1270",1,0.482314062686261,"Disagree Non-resident"
"1271",8,0.541670190983547,"Disagree Resident"
"1272",3,0.227869085901912,"Agree Non-resident"
"1273",6,0.231625592229577,"Disagree Resident"
"1274",3,0.210761533019352,"Agree Resident"
"1275",9,0.246794815023778,"Disagree Resident"
"1276",10,0.382702944819693,"Agree Non-resident"
"1277",9,0.409228377865182,"Agree Resident"
"1278",7,0.268277750244388,"Agree Resident"
"1279",8,0.170374160346531,"Agree Non-resident"
"1280",2,0.27846831086855,"Disagree Non-resident"
"1281",9,0.36136544741919,"Agree Non-resident"
"1282",3,0.353545978702472,"Agree Resident"
"1283",1,0.213087419961994,"Disagree Resident"
"1284",4,0.342410288792876,"Agree Resident"
"1285",4,0.429344508508962,"Agree Non-resident"
"1286",4,0.208876955046265,"Agree Non-resident"
"1287",6,0.35140174797585,"Disagree Non-resident"
"1288",1,0.272268690889659,"Agree Non-resident"
"1289",4,0.566256302835669,"Agree Non-resident"
"1290",9,0.293135477442116,"Agree Non-resident"
"1291",7,0.263010213132683,"Agree Resident"
"1292",6,0.348727589470859,"Disagree Non-resident"
"1293",5,0.309759473973269,"Agree Non-resident"
"1294",7,0.462302793326166,"Agree Resident"
"1295",4,0.294719583091249,"Agree Non-resident"
"1296",2,0.487743614375699,"Disagree Resident"
"1297",5,0.293648806740773,"Agree Non-resident"
"1298",2,0.295291805368747,"Agree Resident"
"1299",2,0.557628631326623,"Disagree Resident"
"1300",4,0.36283521395009,"Agree Non-resident"
"1301",2,0.317569698596977,"Agree Resident"
"1302",5,0.360632685344174,"Agree Resident"
"1303",7,0.21848153341268,"Agree Non-resident"
"1304",5,0.256807810990201,"Agree Non-resident"
"1305",4,0.547081761907005,"Agree Non-resident"
"1306",7,0.47368961186095,"Agree Non-resident"
"1307",9,0.468177287430311,"Agree Non-resident"
"1308",6,0.186605343431739,"Agree Non-resident"
"1309",4,0.329659861058312,"Agree Resident"
"1310",10,0.427390010179182,"Agree Non-resident"
"1311",7,0.422306681548628,"Agree Non-resident"
"1312",4,0.345113952685033,"Agree Resident"
"1313",9,0.379638765678182,"Agree Non-resident"
"1314",3,0.315481781195676,"Agree Resident"
"1315",6,0.267265647676453,"Disagree Non-resident"
"1316",2,0.304304796812982,"Disagree Resident"
"1317",9,0.156123433796438,"Agree Non-resident"
"1318",9,0.508624173912629,"Agree Non-resident"
"1319",4,0.250852851862983,"Agree Non-resident"
"1320",5,0.181939094537442,"Agree Non-resident"
"1321",4,0.26359063110998,"Agree Non-resident"
"1322",2,0.385077695442605,"Disagree Non-resident"
"1323",4,0.244066225481493,"Agree Resident"
"1324",4,0.299785259629338,"Agree Non-resident"
"1325",8,0.197380413681077,"Agree Non-resident"
"1326",9,0.345171587807511,"Agree Non-resident"
"1327",2,0.271435232488118,"Agree Non-resident"
"1328",9,0.184484430359018,"Agree Non-resident"
"1329",1,0.315383023427848,"Disagree Non-resident"
"1330",4,0.221582601540562,"Agree Resident"
"1331",6,0.205511690264378,"Agree Resident"
"1332",2,0.470622288637128,"Disagree Resident"
"1333",4,0.374040597803303,"Agree Resident"
"1334",2,0.550650699062332,"Agree Non-resident"
"1335",6,0.28183708537882,"Agree Resident"
"1336",4,0.368830961516524,"Agree Non-resident"
"1337",7,0.291445661736354,"Agree Resident"
"1338",1,0.210312893047469,"Agree Non-resident"
"1339",10,0.253229139755137,"Agree Resident"
"1340",2,0.513787601005146,"Disagree Non-resident"
"1341",2,0.515263952275077,"Disagree Non-resident"
"1342",2,0.431343520819169,"Disagree Non-resident"
"1343",2,0.563191360918975,"Disagree Resident"
"1344",4,0.513268379531542,"Agree Non-resident"
"1345",5,0.233107033190501,"Agree Non-resident"
"1346",1,0.382196191869093,"Agree Resident"
"1347",4,0.328182820152047,"Agree Non-resident"
"1348",8,0.39488392246954,"Disagree Resident"
"1349",2,0.459670871444191,"Disagree Resident"
"1350",4,0.342917913086994,"Agree Non-resident"
"1351",2,0.515187665351814,"Disagree Non-resident"
"1352",5,0.19065920482452,"Agree Non-resident"
"1353",4,0.312531639328459,"Agree Non-resident"
"1354",2,0.601460154921875,"Disagree Resident"
"1355",9,0.330369799020876,"Agree Resident"
"1356",7,0.366814123463153,"Agree Non-resident"
"1357",7,0.273491631319113,"Agree Resident"
"1358",7,0.442676946259428,"Agree Resident"
"1359",1,0.250233559663398,"Agree Non-resident"
"1360",10,0.512967944926087,"Agree Resident"
"1361",8,0.496347027230074,"Disagree Resident"
"1362",1,0.373599067708923,"Agree Non-resident"
"1363",9,0.382915243370963,"Agree Resident"
"1364",5,0.253469884675141,"Agree Non-resident"
"1365",8,0.324492271127672,"Disagree Resident"
"1366",4,0.415247883378252,"Agree Non-resident"
"1367",3,0.361307035710545,"Agree Resident"
"1368",4,0.272163366119489,"Agree Non-resident"
"1369",9,0.337438349529246,"Agree Non-resident"
"1370",1,0.271759887509646,"Agree Non-resident"
"1371",5,0.186902202297534,"Agree Non-resident"
"1372",1,0.303654775791713,"Agree Non-resident"
"1373",6,0.459070935296786,"Disagree Non-resident"
"1374",8,0.309375877416751,"Disagree Resident"
"1375",1,0.402766961745102,"Agree Non-resident"
"1376",9,0.271458462324597,"Agree Non-resident"
"1377",1,0.255245333070271,"Disagree Non-resident"
"1378",10,0.432853751836224,"Agree Non-resident"
"1379",4,0.289636422783644,"Agree Resident"
"1380",6,0.726457063690109,"Disagree Non-resident"
"1381",5,0.216494843719995,"Agree Non-resident"
"1382",2,0.436730876712693,"Disagree Resident"
"1383",7,0.498226507077981,"Disagree Resident"
"1384",4,0.371944248719336,"Agree Non-resident"
"1385",6,0.194817452224367,"Disagree Resident"
"1386",3,0.349325513143195,"Agree Non-resident"
"1387",1,0.354517481496167,"Agree Non-resident"
"1388",5,0.373842457911048,"Agree Resident"
"1389",4,0.27805554207389,"Agree Non-resident"
"1390",1,0.394367112349844,"Agree Non-resident"
"1391",2,0.267295496634202,"Agree Non-resident"
"1392",2,0.610596067297454,"Disagree Non-resident"
"1393",6,0.432833753161279,"Disagree Non-resident"
"1394",6,0.337139318848687,"Disagree Resident"
"1395",4,0.353724328738781,"Agree Non-resident"
"1396",3,0.272069664088589,"Agree Resident"
"1397",4,0.406502558005374,"Agree Non-resident"
"1398",2,0.342479222321949,"Disagree Resident"
"1399",5,0.344204531911613,"Agree Non-resident"
"1400",6,0.187763746735596,"Agree Resident"
"1401",2,0.38358546810049,"Disagree Resident"
"1402",1,0.293124461766896,"Disagree Resident"
"1403",7,0.22550681461104,"Agree Resident"
"1404",3,0.200653988497453,"Agree Resident"
"1405",1,0.435989803202692,"Disagree Resident"
"1406",9,0.234842042769362,"Agree Non-resident"
"1407",8,0.199434174317669,"Agree Resident"
"1408",1,0.28547157815758,"Agree Resident"
"1409",7,0.323915768567939,"Agree Non-resident"
"1410",6,0.284446417812314,"Disagree Resident"
"1411",3,0.240560602626144,"Agree Resident"
"1412",5,0.226899567669845,"Agree Non-resident"
"1413",7,0.451746307467268,"Agree Resident"
"1414",9,0.356470539763602,"Agree Non-resident"
"1415",7,0.338566874946817,"Disagree Non-resident"
"1416",9,0.293718600202573,"Agree Non-resident"
"1417",6,0.254523597165865,"Disagree Non-resident"
"1418",9,0.459608337645633,"Agree Resident"
"1419",4,0.365413042247553,"Agree Non-resident"
"1420",8,0.257247375174404,"Disagree Non-resident"
"1421",9,0.247725309990006,"Disagree Non-resident"
"1422",7,0.227544739366506,"Agree Non-resident"
"1423",9,0.387646942530024,"Agree Non-resident"
"1424",7,0.307920030836899,"Disagree Non-resident"
"1425",6,0.354029622890177,"Agree Non-resident"
"1426",2,0.399791620268176,"Disagree Non-resident"
"1427",4,0.204676099842087,"Agree Non-resident"
"1428",2,0.200300258975317,"Agree Non-resident"
"1429",1,0.284800734420666,"Agree Resident"
"1430",6,0.207593784608236,"Disagree Resident"
"1431",3,0.427604933072497,"Agree Non-resident"
"1432",10,0.448694037995283,"Agree Resident"
"1433",4,0.229236846739646,"Agree Non-resident"
"1434",2,0.553841261373827,"Disagree Resident"
"1435",1,0.252605765330521,"Agree Resident"
"1436",2,0.355024617597874,"Disagree Resident"
"1437",9,0.171450410378911,"Agree Non-resident"
"1438",2,0.326666058739165,"Agree Resident"
"1439",5,0.239686707990363,"Agree Non-resident"
"1440",2,0.397458106177725,"Disagree Non-resident"
"1441",4,0.369479289906812,"Agree Resident"
"1442",3,0.250348080043238,"Agree Non-resident"
"1443",4,0.266419654151727,"Agree Non-resident"
"1444",9,0.277078276435078,"Agree Non-resident"
"1445",1,0.315382151901747,"Agree Resident"
"1446",2,0.397303017986374,"Disagree Resident"
"1447",5,0.264259328244578,"Agree Resident"
"1448",1,0.281478733268156,"Agree Resident"
"1449",5,0.444937318881265,"Agree Non-resident"
"1450",3,0.438486471089128,"Agree Non-resident"
"1451",8,0.478796721402747,"Agree Non-resident"
"1452",9,0.295308911921111,"Agree Resident"
"1453",1,0.158834677413247,"Agree Resident"
"1454",3,0.492077177810866,"Agree Resident"
"1455",9,0.238015654101058,"Agree Non-resident"
"1456",4,0.222019909413955,"Disagree Resident"
"1457",1,0.292597970337888,"Agree Resident"
"1458",3,0.390857502889389,"Agree Resident"
"1459",8,0.383650783714057,"Agree Resident"
"1460",4,0.429391388904839,"Agree Non-resident"
"1461",3,0.250435143036207,"Agree Resident"
"1462",2,0.619228011170079,"Disagree Non-resident"
"1463",1,0.383123529075619,"Agree Resident"
"1464",1,0.244627122102443,"Agree Resident"
"1465",1,0.182170390796828,"Agree Non-resident"
"1466",9,0.378604045761703,"Disagree Resident"
"1467",4,0.166086408316038,"Agree Non-resident"
"1468",2,0.249026351629714,"Disagree Resident"
"1469",4,0.338237042532788,"Agree Non-resident"
"1470",2,0.244949703968324,"Agree Non-resident"
"1471",7,0.292454939134038,"Disagree Resident"
"1472",4,0.399191269632146,"Agree Resident"
"1473",9,0.263789230993838,"Agree Non-resident"
"1474",8,0.363392567630579,"Disagree Resident"
"1475",1,0.171957247533222,"Agree Non-resident"
"1476",8,0.241831192817367,"Agree Non-resident"
"1477",10,0.19644822252986,"Agree Resident"
"1478",6,0.396066133273448,"Agree Resident"
"1479",9,0.282010206767026,"Agree Non-resident"
"1480",8,0.255381875857751,"Agree Resident"
"1481",9,0.245138460233246,"Agree Resident"
"1482",4,0.224675102674004,"Agree Non-resident"
"1483",5,0.380352470652617,"Agree Non-resident"
"1484",4,0.288907043244093,"Agree Resident"
"1485",2,0.28009660455739,"Disagree Resident"
"1486",1,0.403217854152462,"Agree Non-resident"
"1487",2,0.178194546189144,"Agree Non-resident"
"1488",3,0.418671246793915,"Agree Non-resident"
"1489",2,0.293268789480323,"Agree Non-resident"
"1490",8,0.463536832385198,"Agree Non-resident"
"1491",9,0.303648132572822,"Agree Resident"
"1492",1,0.14880527673492,"Agree Resident"
"1493",5,0.276899435829449,"Agree Resident"
"1494",3,0.22836049789952,"Agree Non-resident"
"1495",4,0.207427042148688,"Agree Resident"
"1496",2,0.468965411562307,"Agree Non-resident"
"1497",6,0.349437520330941,"Disagree Resident"
"1498",9,0.337476926490815,"Agree Non-resident"
"1499",9,0.220867723758585,"Agree Resident"
"1500",1,0.654561079284596,"Agree Non-resident"
"1501",3,0.250435143036207,"Agree Resident"
"1502",1,0.361524638138399,"Agree Non-resident"
"1503",10,0.225200225591685,"Agree Non-resident"
"1504",6,0.307746792451129,"Disagree Resident"
"1505",1,0.366432111659674,"Agree Non-resident"
"1506",9,0.270463134570271,"Agree Non-resident"
"1507",8,0.307533744279734,"Agree Non-resident"
"1508",2,0.316620298959322,"Disagree Resident"
"1509",3,0.349545651372796,"Agree Non-resident"
"1510",3,0.389302120776442,"Agree Non-resident"
"1511",8,0.24360504926165,"Agree Non-resident"
"1512",7,0.41172956858511,"Agree Resident"
"1513",4,0.230064585032876,"Agree Non-resident"
"1514",9,0.215787364352601,"Agree Resident"
"1515",7,0.360309017150271,"Agree Non-resident"
"1516",8,0.208970606643589,"Agree Resident"
"1517",1,0.343573395629507,"Agree Resident"
"1518",1,0.402236122216512,"Agree Non-resident"
"1519",9,0.339975970657303,"Agree Non-resident"
"1520",3,0.250348080043238,"Agree Non-resident"
"1521",8,0.273333615321604,"Agree Resident"
"1522",4,0.257636449091596,"Agree Non-resident"
"1523",6,0.45041701713474,"Disagree Resident"
"1524",9,0.262746138285896,"Disagree Non-resident"
"1525",9,0.325859916831737,"Agree Resident"
"1526",9,0.418519550504989,"Agree Resident"
"1527",2,0.338464635563153,"Disagree Resident"
"1528",1,0.380029584500203,"Agree Non-resident"
"1529",5,0.47463945704015,"Agree Non-resident"
"1530",2,0.269667093354175,"Disagree Resident"
"1531",3,0.349506290425158,"Agree Non-resident"
"1532",1,0.341716499519496,"Agree Non-resident"
"1533",6,0.646384731134609,"Disagree Resident"
"1534",3,0.252722589617207,"Agree Resident"
"1535",4,0.180781822036022,"Agree Non-resident"
"1536",4,0.228936116589517,"Agree Non-resident"
"1537",8,0.53240689133676,"Agree Non-resident"
"1538",1,0.211038138947274,"Agree Resident"
"1539",5,0.27500583762484,"Agree Non-resident"
"1540",9,0.232311953609802,"Agree Non-resident"
"1541",6,0.248511868582139,"Disagree Resident"
"1542",10,0.358437248371355,"Agree Resident"
"1543",9,0.359915249118387,"Disagree Non-resident"
"1544",1,0.338639397559098,"Agree Non-resident"
"1545",6,0.329143053660912,"Agree Resident"
"1546",7,0.234733527633385,"Disagree Resident"
"1547",5,0.216810636108469,"Agree Non-resident"
"1548",1,0.284163168209691,"Agree Resident"
"1549",2,0.387940493628374,"Agree Non-resident"
"1550",4,0.353723354129719,"Agree Non-resident"
"1551",4,0.175844176689461,"Agree Resident"
"1552",6,0.418209665557591,"Disagree Resident"
"1553",9,0.334268177666182,"Agree Non-resident"
"1554",3,0.353546254974111,"Agree Resident"
"1555",4,0.458399559818028,"Agree Non-resident"
"1556",6,0.303853078669847,"Agree Resident"
"1557",5,0.241506478879717,"Agree Non-resident"
"1558",8,0.321896237485624,"Disagree Resident"
"1559",4,0.268023493359205,"Agree Non-resident"
"1560",7,0.252622793688733,"Agree Resident"
"1561",6,0.432366721504176,"Disagree Non-resident"
"1562",7,0.385969236303199,"Agree Non-resident"
"1563",7,0.28852041371404,"Disagree Resident"
"1564",4,0.40163279130067,"Agree Non-resident"
"1565",4,0.36267070315237,"Agree Non-resident"
"1566",9,0.230518652288492,"Agree Resident"
"1567",7,0.366076009563989,"Disagree Resident"
"1568",8,0.267936857039973,"Disagree Resident"
"1569",9,0.275606658287844,"Disagree Resident"
"1570",9,0.27391624553256,"Agree Non-resident"
"1571",7,0.408138426394267,"Disagree Resident"
"1572",5,0.21246317537099,"Disagree Non-resident"
"1573",7,0.335579291748076,"Agree Non-resident"
"1574",4,0.324226862912324,"Agree Resident"
"1575",8,0.442383637766282,"Disagree Resident"
"1576",1,0.279559899387013,"Agree Non-resident"
"1577",1,0.506201405017225,"Agree Resident"
"1578",4,0.344658403685612,"Agree Non-resident"
"1579",2,0.265229051997504,"Disagree Non-resident"
"1580",4,0.368901240963666,"Agree Non-resident"
"1581",5,0.325590231065145,"Agree Non-resident"
"1582",10,0.428777828930128,"Agree Non-resident"
"1583",1,0.189625180030888,"Agree Resident"
"1584",4,0.219397001013706,"Agree Non-resident"
"1585",3,0.30666645080722,"Agree Non-resident"
"1586",2,0.303644208955981,"Agree Non-resident"
"1587",3,0.243463090156488,"Agree Non-resident"
"1588",7,0.30017192187156,"Agree Resident"
"1589",4,0.305213417416098,"Agree Non-resident"
"1590",3,0.437802374055786,"Agree Non-resident"
"1591",3,0.289849995183029,"Agree Resident"
"1592",1,0.297071112699773,"Agree Resident"
"1593",4,0.242455122096514,"Agree Non-resident"
"1594",6,0.302079031387355,"Disagree Non-resident"
"1595",6,0.333317137320357,"Disagree Non-resident"
"1596",4,0.374274667494438,"Agree Non-resident"
"1597",5,0.431825077806096,"Agree Non-resident"
"1598",1,0.224412554253314,"Agree Non-resident"
"1599",7,0.526352603712599,"Disagree Resident"
"1600",3,0.559906835221283,"Agree Non-resident"
"1601",8,0.16591069390086,"Agree Non-resident"
"1602",1,0.195101033431645,"Agree Resident"
"1603",4,0.253465326750126,"Agree Non-resident"
"1604",4,0.218415056281196,"Agree Non-resident"
"1605",9,0.270648970904793,"Agree Non-resident"
"1606",4,0.394853396893725,"Agree Non-resident"
"1607",4,0.399486787195467,"Agree Non-resident"
"1608",4,0.325253397119971,"Agree Non-resident"
"1609",2,0.556600042352797,"Disagree Resident"
"1610",3,0.25296300631891,"Agree Non-resident"
"1611",2,0.346259475407288,"Disagree Resident"
"1612",4,0.333905389468928,"Agree Non-resident"
"1613",1,0.21668537744917,"Agree Non-resident"
"1614",9,0.357064193748656,"Agree Non-resident"
"1615",4,0.289329080027317,"Agree Non-resident"
"1616",6,0.408398760027835,"Disagree Non-resident"
"1617",4,0.297125675005131,"Agree Non-resident"
"1618",9,0.181573088621705,"Agree Non-resident"
"1619",2,0.479803535895647,"Disagree Non-resident"
"1620",10,0.201331862803242,"Agree Resident"
"1621",5,0.240718865339387,"Agree Non-resident"
"1622",4,0.429327319994224,"Agree Non-resident"
"1623",5,0.26955968597443,"Agree Non-resident"
"1624",3,0.389303685951675,"Agree Non-resident"
"1625",10,0.206675170635809,"Agree Non-resident"
"1626",5,0.234864511647133,"Agree Non-resident"
"1627",4,0.295707611601119,"Agree Non-resident"
"1628",7,0.340367315466851,"Agree Non-resident"
"1629",4,0.173470642384977,"Agree Non-resident"
"1630",9,0.333559329289565,"Agree Non-resident"
"1631",1,0.252999613406609,"Agree Non-resident"
"1632",1,0.546657066794893,"Agree Resident"
"1633",6,0.375886452240307,"Disagree Non-resident"
"1634",4,0.248389558975456,"Disagree Non-resident"
"1635",2,0.401770403150564,"Agree Non-resident"
"1636",4,0.314475646110656,"Agree Non-resident"
"1637",8,0.187657611325132,"Agree Non-resident"
"1638",4,0.424212167699912,"Agree Non-resident"
"1639",8,0.284753684714727,"Disagree Non-resident"
"1640",2,0.434893875418338,"Agree Non-resident"
"1641",5,0.184844433699239,"Agree Non-resident"
"1642",1,0.180479620053009,"Agree Non-resident"
"1643",3,0.196284946070533,"Agree Non-resident"
"1644",4,0.242782902283241,"Agree Non-resident"
"1645",6,0.297826363768538,"Agree Resident"
"1646",8,0.41407296201014,"Disagree Non-resident"
"1647",5,0.249857058878289,"Agree Non-resident"
"1648",2,0.241916430024002,"Disagree Non-resident"
"1649",1,0.247209576837978,"Agree Resident"
"1650",8,0.257643002849556,"Disagree Non-resident"
"1651",10,0.524911591734987,"Agree Non-resident"
"1652",9,0.237139064289503,"Agree Non-resident"
"1653",2,0.811491565950669,"Disagree Non-resident"
"1654",7,0.271066884963648,"Agree Non-resident"
"1655",2,0.478622691426301,"Disagree Non-resident"
"1656",5,0.281969330157458,"Agree Non-resident"
"1657",2,0.398054805978002,"Disagree Resident"
"1658",1,0.294163849771307,"Agree Resident"
"1659",8,0.27981178447303,"Disagree Resident"
"1660",9,0.331845854410543,"Agree Non-resident"
"1661",1,0.360776888217138,"Agree Resident"
"1662",9,0.368157980422498,"Agree Non-resident"
"1663",6,0.211946217299469,"Agree Non-resident"
"1664",10,0.23670656928244,"Agree Resident"
"1665",4,0.408224862525976,"Agree Non-resident"
"1666",9,0.280408627139914,"Agree Resident"
"1667",10,0.316283344402681,"Agree Non-resident"
"1668",8,0.306162560037511,"Disagree Non-resident"
"1669",9,0.26034611417114,"Agree Resident"
"1670",10,0.466731363352624,"Agree Resident"
"1671",6,0.264762514847344,"Disagree Resident"
"1672",4,0.318973537838955,"Agree Non-resident"
"1673",1,0.345717816938591,"Disagree Non-resident"
"1674",4,0.248208388523853,"Agree Non-resident"
"1675",9,0.235575722886944,"Agree Non-resident"
"1676",4,0.222808592974392,"Agree Resident"
"1677",9,0.252904672202158,"Agree Non-resident"
"1678",4,0.380496653359866,"Agree Resident"
"1679",2,0.642481373727746,"Agree Resident"
"1680",9,0.275171094606005,"Agree Non-resident"
"1681",4,0.170949803452322,"Agree Resident"
"1682",4,0.310279261120051,"Agree Non-resident"
"1683",2,0.654460752612689,"Disagree Non-resident"
"1684",9,0.362164711911327,"Agree Non-resident"
"1685",2,0.350798397940082,"Agree Non-resident"
"1686",1,0.263243219786152,"Agree Resident"
"1687",7,0.320617401430718,"Agree Resident"
"1688",4,0.472168239725187,"Agree Non-resident"
"1689",9,0.427959136455471,"Agree Non-resident"
"1690",2,0.341929938458369,"Disagree Resident"
"1691",9,0.292344282038091,"Agree Non-resident"
"1692",2,0.446846143236334,"Disagree Resident"
"1693",4,0.27962407371906,"Agree Non-resident"
"1694",7,0.261839108954364,"Agree Resident"
"1695",3,0.291555563254458,"Agree Non-resident"
"1696",5,0.226719198035007,"Agree Non-resident"
"1697",3,0.322016056373077,"Agree Non-resident"
"1698",3,0.317273863309153,"Agree Non-resident"
"1699",9,0.280565934525847,"Agree Non-resident"
"1700",3,0.240559468958218,"Agree Resident"
"1701",9,0.19694627719049,"Agree Non-resident"
"1702",4,0.2699966838847,"Agree Non-resident"
"1703",9,0.386218610878803,"Agree Non-resident"
"1704",3,0.42189089632595,"Agree Non-resident"
"1705",2,0.582641879678839,"Disagree Non-resident"
"1706",9,0.366863260567399,"Agree Resident"
"1707",3,0.281738287627728,"Agree Non-resident"
"1708",2,0.41184104088417,"Agree Non-resident"
"1709",2,0.222517073113241,"Agree Resident"
"1710",1,0.335136531355539,"Agree Resident"
"1711",4,0.240222286369269,"Disagree Non-resident"
"1712",7,0.604082733027175,"Agree Non-resident"
"1713",4,0.197483722789514,"Agree Non-resident"
"1714",10,0.206674422444074,"Agree Non-resident"
"1715",3,0.189029321419847,"Agree Non-resident"
"1716",10,0.551472358830187,"Agree Resident"
"1717",9,0.292980483223582,"Disagree Resident"
"1718",9,0.259432287498178,"Agree Non-resident"
"1719",4,0.259549784319144,"Agree Non-resident"
"1720",4,0.249263826626831,"Agree Non-resident"
"1721",10,0.313542414308638,"Agree Non-resident"
"1722",3,0.389303685951675,"Agree Non-resident"
"1723",6,0.432833753161279,"Disagree Non-resident"
"1724",9,0.419445716413758,"Agree Non-resident"
"1725",9,0.244706274642455,"Agree Resident"
"1726",9,0.346234219890261,"Agree Non-resident"
"1727",9,0.322297200515004,"Agree Non-resident"
"1728",8,0.31322424113896,"Disagree Non-resident"
"1729",2,0.309783470272616,"Agree Resident"
"1730",4,0.2336759123149,"Agree Non-resident"
"1731",7,0.311481888751244,"Disagree Resident"
"1732",2,0.291984989437469,"Agree Non-resident"
"1733",6,0.639345951671995,"Disagree Non-resident"
"1734",1,0.490004443174074,"Agree Non-resident"
"1735",9,0.410182238123075,"Agree Resident"
"1736",6,0.205751628126956,"Disagree Non-resident"
"1737",5,0.234733203134561,"Agree Resident"
"1738",5,0.394786308895128,"Agree Non-resident"
"1739",3,0.262749692527491,"Agree Resident"
"1740",8,0.284753684714727,"Disagree Non-resident"
"1741",4,0.395105292520379,"Agree Non-resident"
"1742",2,0.223829873655424,"Agree Resident"
"1743",7,0.513380619623634,"Agree Non-resident"
"1744",9,0.300741995217999,"Agree Non-resident"
"1745",10,0.310384877996059,"Agree Non-resident"
"1746",2,0.539887635621795,"Disagree Resident"
"1747",6,0.288125733936942,"Disagree Non-resident"
"1748",10,0.299131166745363,"Agree Non-resident"
"1749",2,0.344829620768167,"Disagree Resident"
"1750",4,0.346829061660356,"Agree Resident"
"1751",4,0.462729323834575,"Agree Resident"
"1752",6,0.189571988070914,"Agree Non-resident"
"1753",10,0.222974659092667,"Agree Resident"
"1754",1,0.218896463823466,"Agree Resident"
"1755",9,0.240167344364494,"Agree Non-resident"
"1756",3,0.306146756758817,"Agree Resident"
"1757",4,0.215594779350762,"Agree Non-resident"
"1758",9,0.195038407967557,"Agree Non-resident"
"1759",6,0.205142250273063,"Disagree Resident"
"1760",6,0.24025749576398,"Disagree Non-resident"
"1761",9,0.256280348278125,"Agree Non-resident"
"1762",7,0.378536653469173,"Disagree Resident"
"1763",1,0.490170209681849,"Disagree Resident"
"1764",2,0.245149644227442,"Disagree Non-resident"
"1765",1,0.281681717267502,"Agree Non-resident"
"1766",6,0.242285654550348,"Disagree Non-resident"
"1767",5,0.24673636856764,"Agree Non-resident"
"1768",4,0.34476856246529,"Agree Resident"
"1769",8,0.2657902036433,"Agree Non-resident"
"1770",1,0.272162112365748,"Agree Resident"
"1771",5,0.231492040441588,"Agree Resident"
"1772",9,0.414988038151477,"Agree Non-resident"
"1773",10,0.198463536908318,"Agree Non-resident"
"1774",5,0.176786682793616,"Agree Non-resident"
"1775",6,0.452208749775627,"Agree Non-resident"
"1776",9,0.281230408030638,"Agree Resident"
"1777",8,0.469620234923167,"Agree Non-resident"
"1778",4,0.510240120007639,"Agree Non-resident"
"1779",9,0.504789704221013,"Disagree Resident"
"1780",7,0.26061289330007,"Agree Resident"
"1781",9,0.266999888366371,"Agree Resident"
"1782",6,0.177578700165639,"Agree Non-resident"
"1783",4,0.330453375433481,"Disagree Resident"
"1784",4,0.464917778552113,"Agree Non-resident"
"1785",9,0.442820633597638,"Agree Non-resident"
"1786",1,0.539273318310841,"Agree Non-resident"
"1787",9,0.316637627650877,"Agree Non-resident"
"1788",6,0.64012268558736,"Disagree Non-resident"
"1789",1,0.225320264888661,"Disagree Non-resident"
"1790",1,0.278559121963911,"Agree Resident"
"1791",1,0.223964103778666,"Agree Resident"
"1792",3,0.39085748815942,"Agree Resident"
"1793",4,0.266610582048925,"Disagree Non-resident"
"1794",1,0.224687529892599,"Disagree Non-resident"
"1795",4,0.361305325258608,"Disagree Non-resident"
"1796",6,0.313499468646479,"Agree Resident"
"1797",9,0.306395346392481,"Agree Non-resident"
"1798",7,0.220658458074709,"Agree Non-resident"
"1799",9,0.211231714963245,"Agree Resident"
"1800",4,0.463151842553797,"Agree Resident"
"1801",3,0.25296300631891,"Agree Non-resident"
"1802",6,0.265491925788632,"Disagree Resident"
"1803",2,0.377082208176935,"Agree Non-resident"
"1804",3,0.244438227235819,"Agree Resident"
"1805",2,0.575158019371866,"Disagree Non-resident"
"1806",1,0.184825631240054,"Agree Resident"
"1807",6,0.259152360756627,"Agree Resident"
"1808",8,0.202563246036349,"Disagree Resident"
"1809",5,0.343648210524891,"Agree Resident"
"1810",9,0.401946376542741,"Agree Resident"
"1811",2,0.423923374235322,"Agree Non-resident"
"1812",5,0.19756783847738,"Agree Non-resident"
"1813",9,0.435489660411075,"Agree Non-resident"
"1814",9,0.287113497973364,"Agree Resident"
"1815",5,0.253701504123347,"Agree Non-resident"
"1816",5,0.213796025967711,"Agree Non-resident"
"1817",6,0.343930427453006,"Agree Resident"
"1818",6,0.609229327041449,"Disagree Resident"
"1819",4,0.261095449853362,"Disagree Resident"
"1820",3,0.29371629821843,"Agree Non-resident"
"1821",7,0.353311875069471,"Agree Resident"
"1822",8,0.616485902465634,"Disagree Resident"
"1823",9,0.20928147691652,"Agree Non-resident"
"1824",6,0.406709398344684,"Disagree Non-resident"
"1825",10,0.268765111420845,"Agree Non-resident"
"1826",3,0.389303685951675,"Agree Non-resident"
"1827",4,0.267669521326422,"Disagree Resident"
"1828",1,0.294153819780822,"Agree Resident"
"1829",2,0.680172877710005,"Disagree Resident"
"1830",4,0.193324570463712,"Disagree Resident"
"1831",6,0.63867897608393,"Disagree Non-resident"
"1832",7,0.350091468150166,"Agree Non-resident"
"1833",2,0.36786666486429,"Disagree Resident"
"1834",4,0.178511612788562,"Disagree Resident"
"1835",4,0.242782902283241,"Agree Non-resident"
"1836",3,0.492077177810866,"Agree Resident"
"1837",6,0.312507138813039,"Agree Resident"
"1838",3,0.289399974440551,"Agree Resident"
"1839",5,0.28041203742038,"Agree Non-resident"
"1840",2,0.415358457989966,"Disagree Resident"
"1841",5,0.253483941146593,"Agree Non-resident"
"1842",1,0.416834592537057,"Disagree Non-resident"
"1843",4,0.267477325860781,"Agree Non-resident"
"1844",6,0.193628920251407,"Agree Resident"
"1845",3,0.349506290425158,"Agree Non-resident"
"1846",4,0.592607247364771,"Disagree Non-resident"
"1847",9,0.18887475757508,"Agree Resident"
"1848",5,0.253525697214325,"Agree Non-resident"
"1849",1,0.276429245922082,"Agree Resident"
"1850",8,0.332338229257675,"Agree Non-resident"
"1851",4,0.23359706864636,"Agree Resident"
"1852",2,0.323083314079976,"Agree Non-resident"
"1853",3,0.3013184637999,"Agree Resident"
"1854",7,0.359097472740465,"Agree Non-resident"
"1855",1,0.455646930640509,"Agree Non-resident"
"1856",8,0.706332682009255,"Disagree Non-resident"
"1857",9,0.199486835548763,"Agree Non-resident"
"1858",2,0.326437260253595,"Agree Resident"
"1859",8,0.185000696299996,"Agree Non-resident"
"1860",4,0.393591180095479,"Agree Resident"
"1861",7,0.307500689085246,"Disagree Resident"
"1862",4,0.301022750121659,"Agree Non-resident"
"1863",1,0.233883214066287,"Agree Non-resident"
"1864",5,0.306612601152817,"Agree Non-resident"
"1865",10,0.358437248371355,"Agree Resident"
"1866",8,0.227992187235995,"Agree Resident"
"1867",2,0.609072615430891,"Disagree Non-resident"
"1868",4,0.233585490554653,"Agree Resident"
"1869",9,0.244696444207818,"Agree Non-resident"
"1870",1,0.404918309872272,"Disagree Non-resident"
"1871",4,0.354935365445224,"Agree Non-resident"
"1872",6,0.476764182299304,"Disagree Resident"
"1873",1,0.17162142383552,"Disagree Non-resident"
"1874",1,0.245254490230368,"Agree Resident"
"1875",4,0.262663760988164,"Agree Non-resident"
"1876",5,0.302408506578676,"Agree Non-resident"
"1877",7,0.304992111139596,"Agree Non-resident"
"1878",1,0.269201030971805,"Agree Non-resident"
"1879",2,0.198240352634134,"Disagree Resident"
"1880",1,0.268040536914871,"Agree Resident"
"1881",9,0.35848601853181,"Agree Non-resident"
"1882",6,0.218309761043107,"Disagree Resident"
"1883",5,0.164869780543355,"Agree Non-resident"
"1884",2,0.32678912491174,"Agree Non-resident"
"1885",9,0.290299345695071,"Agree Non-resident"
"1886",4,0.176382256192627,"Agree Non-resident"
"1887",4,0.259013744574261,"Agree Non-resident"
"1888",4,0.273085673723321,"Agree Non-resident"
"1889",6,0.256197496124571,"Agree Non-resident"
"1890",8,0.241962411073197,"Disagree Resident"
"1891",4,0.296393995355721,"Agree Non-resident"
"1892",9,0.304418668989666,"Agree Non-resident"
"1893",9,0.329795085215775,"Agree Resident"
"1894",5,0.329623399159596,"Agree Non-resident"
"1895",3,0.227539740713656,"Agree Resident"
"1896",1,0.711920526130652,"Agree Resident"
"1897",6,0.477442108865356,"Disagree Non-resident"
"1898",2,0.455879043867256,"Disagree Non-resident"
"1899",2,0.375265111795615,"Agree Non-resident"
"1900",4,0.285115848672348,"Agree Resident"
"1901",9,0.268673409518142,"Agree Resident"
"1902",6,0.493114157643145,"Disagree Resident"
"1903",9,0.259070380694221,"Disagree Resident"
"1904",1,0.245746416891334,"Agree Non-resident"
"1905",6,0.253840402374376,"Agree Resident"
"1906",6,0.424449538837991,"Disagree Non-resident"
"1907",9,0.339754545500955,"Agree Non-resident"
"1908",8,0.461993535520797,"Disagree Non-resident"
"1909",4,0.205800228771863,"Agree Non-resident"
"1910",3,0.389302120776442,"Agree Non-resident"
"1911",4,0.203324189735827,"Agree Non-resident"
"1912",8,0.185419706783368,"Agree Non-resident"
"1913",10,0.232253086628992,"Agree Non-resident"
"1914",9,0.315427220582624,"Disagree Resident"
"1915",3,0.191421829212144,"Agree Non-resident"
"1916",2,0.60699109366087,"Disagree Non-resident"
"1917",4,0.279538861448318,"Agree Non-resident"
"1918",9,0.171988866076612,"Disagree Resident"
"1919",6,0.526282850842832,"Disagree Non-resident"
"1920",5,0.233756230189091,"Agree Non-resident"
"1921",1,0.333978479640136,"Disagree Non-resident"
"1922",9,0.319207854047011,"Agree Non-resident"
"1923",9,0.282395121170186,"Agree Non-resident"
"1924",1,0.303965474928723,"Agree Resident"
"1925",1,0.267489505397932,"Agree Resident"
"1926",4,0.3282514257844,"Agree Non-resident"
"1927",9,0.231483106519447,"Agree Non-resident"
"1928",9,0.500479428526492,"Agree Non-resident"
"1929",4,0.25681252039188,"Agree Resident"
"1930",2,0.64183622200382,"Disagree Resident"
"1931",4,0.382161377165779,"Agree Resident"
"1932",8,0.491262830920765,"Disagree Resident"
"1933",9,0.263166495137996,"Agree Non-resident"
"1934",2,0.28673455483669,"Agree Non-resident"
"1935",2,0.596238295535902,"Disagree Resident"
"1936",1,0.545752082196927,"Agree Resident"
"1937",6,0.18083139906788,"Agree Non-resident"
"1938",6,0.482756218980251,"Disagree Non-resident"
"1939",4,0.218073206992842,"Agree Resident"
"1940",6,0.401109891647456,"Disagree Resident"
"1941",4,0.310279261120051,"Agree Non-resident"
"1942",1,0.258722127248357,"Agree Non-resident"
"1943",2,0.27719691367808,"Agree Non-resident"
"1944",9,0.350270544521375,"Agree Non-resident"
"1945",4,0.227881930418547,"Disagree Non-resident"
"1946",1,0.566329556137887,"Agree Resident"
"1947",6,0.201445901570771,"Disagree Resident"
"1948",2,0.401485551829113,"Disagree Non-resident"
"1949",1,0.248796842084138,"Agree Non-resident"
"1950",1,0.245306852493398,"Agree Non-resident"
"1951",4,0.319630183316569,"Agree Resident"
"1952",9,0.239526262954094,"Agree Resident"
"1953",7,0.364246746735505,"Agree Non-resident"
"1954",6,0.185942695327629,"Agree Non-resident"
"1955",6,0.388761817035281,"Disagree Non-resident"
"1956",2,0.26357153495533,"Disagree Non-resident"
"1957",4,0.42392631871363,"Agree Non-resident"
"1958",2,0.199557025518249,"Agree Non-resident"
"1959",9,0.336791095167285,"Agree Non-resident"
"1960",4,0.304108681934159,"Agree Non-resident"
"1961",6,0.29605506816486,"Agree Non-resident"
"1962",9,0.520864062885076,"Agree Non-resident"
"1963",5,0.253416476443248,"Agree Non-resident"
"1964",9,0.225190540524562,"Agree Non-resident"
"1965",4,0.314475646110656,"Agree Non-resident"
"1966",9,0.260396627302079,"Agree Non-resident"
"1967",4,0.314475646110656,"Agree Non-resident"
"1968",10,0.290862164839496,"Agree Resident"
"1969",1,0.189979686730393,"Disagree Resident"
"1970",6,0.43294855987939,"Disagree Non-resident"
"1971",4,0.275082454426711,"Agree Non-resident"
"1972",4,0.256313104623025,"Agree Non-resident"
"1973",2,0.291779816746043,"Disagree Resident"
"1974",6,0.432833753161279,"Disagree Non-resident"
"1975",8,0.351352682114016,"Disagree Resident"
"1976",3,0.353545978702472,"Agree Resident"
"1977",6,0.355488975758836,"Disagree Non-resident"
"1978",8,0.287690209688357,"Agree Resident"
"1979",1,0.528260414430106,"Agree Non-resident"
"1980",4,0.315610947652264,"Agree Non-resident"
"1981",6,0.394118077929503,"Disagree Resident"
"1982",9,0.337425418684908,"Agree Non-resident"
"1983",7,0.345494180781261,"Disagree Resident"
"1984",9,0.217054037411559,"Agree Non-resident"
"1985",4,0.221712204499838,"Agree Non-resident"
"1986",4,0.402357899744414,"Agree Non-resident"
"1987",4,0.243070533775459,"Agree Non-resident"
"1988",2,0.557241975022426,"Disagree Resident"
"1989",4,0.288907043244093,"Agree Resident"
"1990",6,0.212030079559577,"Agree Non-resident"
"1991",1,0.278655324261951,"Disagree Non-resident"
"1992",10,0.258407524489813,"Agree Non-resident"
"1993",5,0.290679041886902,"Agree Resident"
"1994",4,0.240607561763252,"Agree Non-resident"
"1995",1,0.49956642399513,"Agree Resident"
"1996",7,0.190962505486849,"Agree Non-resident"
"1997",4,0.279565351042115,"Agree Non-resident"
"1998",2,0.313193780269983,"Agree Non-resident"
"1999",3,0.250435143036207,"Agree Resident"
"2000",2,0.243725203003047,"Agree Non-resident"
"2001",1,0.239381620723951,"Agree Resident"
"2002",6,0.253384149494667,"Disagree Resident"
"2003",4,0.296459575994981,"Agree Non-resident"
"2004",7,0.164114837166341,"Agree Non-resident"
"2005",9,0.493249037487379,"Agree Non-resident"
"2006",6,0.492337726091454,"Disagree Non-resident"
"2007",9,0.56175464271716,"Agree Non-resident"
"2008",7,0.193788233368098,"Agree Non-resident"
"2009",9,0.321882096753761,"Agree Non-resident"
"2010",6,0.426847701923368,"Disagree Non-resident"
"2011",2,0.680701897839142,"Disagree Non-resident"
"2012",2,0.481592337989284,"Disagree Resident"
"2013",10,0.216884415542838,"Agree Resident"
"2014",8,0.396379990643269,"Agree Resident"
"2015",2,0.407371896916541,"Disagree Non-resident"
"2016",5,0.317572017494629,"Agree Non-resident"
"2017",6,0.286295053780017,"Disagree Resident"
"2018",1,0.24236387083488,"Agree Resident"
"2019",5,0.522494097381561,"Agree Non-resident"
"2020",6,0.304550623103414,"Agree Resident"
"2021",4,0.322404531707405,"Agree Non-resident"
"2022",3,0.390856093988075,"Agree Resident"
"2023",2,0.391687077362859,"Disagree Resident"
"2024",10,0.319322803820782,"Agree Non-resident"
"2025",5,0.242543155046897,"Agree Non-resident"
"2026",6,0.225908391621669,"Disagree Resident"
"2027",5,0.192811844162217,"Agree Non-resident"
"2028",2,0.180997040637021,"Agree Resident"
"2029",7,0.198327042161763,"Agree Resident"
"2030",9,0.271460245701736,"Agree Non-resident"
"2031",5,0.233861115316924,"Agree Resident"
"2032",4,0.268303451168977,"Agree Non-resident"
"2033",6,0.256289113971994,"Agree Non-resident"
"2034",2,0.516751697385364,"Disagree Non-resident"
"2035",2,0.197383955544682,"Agree Resident"
"2036",1,0.234017368338976,"Agree Resident"
"2037",9,0.235792955935673,"Agree Non-resident"
"2038",8,0.201389863817408,"Agree Resident"
"2039",4,0.3027928273354,"Agree Non-resident"
"2040",1,0.325859480746554,"Agree Resident"
"2041",4,0.49528859221102,"Agree Non-resident"
"2042",8,0.370316152556342,"Disagree Resident"
"2043",2,0.478637468164893,"Disagree Non-resident"
"2044",9,0.600729842664393,"Agree Non-resident"
"2045",9,0.551483248247318,"Agree Non-resident"
"2046",2,0.603783408302208,"Disagree Resident"
"2047",9,0.200065213959948,"Agree Non-resident"
"2048",10,0.266641608123369,"Agree Non-resident"
"2049",2,0.8175445766126,"Disagree Resident"
"2050",3,0.223062568485354,"Agree Non-resident"
"2051",4,0.310381568271467,"Agree Non-resident"
"2052",5,0.277791826732409,"Agree Non-resident"
"2053",2,0.474130184382503,"Disagree Resident"
"2054",1,0.339612121707507,"Agree Non-resident"
"2055",1,0.248860871280261,"Agree Resident"
"2056",2,0.405296072898468,"Agree Resident"
"2057",4,0.337368299453218,"Agree Non-resident"
"2058",7,0.200837010880994,"Agree Resident"
"2059",4,0.378541847696358,"Agree Non-resident"
"2060",4,0.214011055257318,"Agree Resident"
"2061",5,0.216524444352255,"Agree Non-resident"
"2062",10,0.204076448688489,"Agree Non-resident"
"2063",7,0.237262640556244,"Agree Resident"
"2064",6,0.298783433589941,"Disagree Non-resident"
"2065",3,0.312320432901,"Agree Non-resident"
"2066",1,0.2629134104777,"Disagree Resident"
"2067",6,0.162360137939806,"Disagree Non-resident"
"2068",4,0.194509780534061,"Agree Non-resident"
"2069",4,0.31209113280151,"Agree Non-resident"
"2070",9,0.211941035514015,"Disagree Non-resident"
"2071",9,0.228777890355959,"Agree Non-resident"
"2072",3,0.249867580091988,"Agree Non-resident"
"2073",1,0.240618542519587,"Agree Resident"
"2074",9,0.438593992619518,"Agree Non-resident"
"2075",10,0.22981680322256,"Agree Resident"
"2076",9,0.29794997283277,"Agree Non-resident"
"2077",3,0.271799098698612,"Agree Non-resident"
"2078",8,0.510321319867395,"Disagree Resident"
"2079",2,0.435183997301999,"Disagree Resident"
"2080",2,0.747430774256696,"Disagree Non-resident"
"2081",2,0.381774695884934,"Disagree Resident"
"2082",7,0.572034832077724,"Disagree Resident"
"2083",2,0.277748051168698,"Agree Non-resident"
"2084",1,0.476884967100872,"Agree Resident"
"2085",1,0.275421477051658,"Agree Resident"
"2086",9,0.230602397681436,"Agree Non-resident"
"2087",8,0.349935411578066,"Disagree Non-resident"
"2088",9,0.40399771508225,"Agree Non-resident"
"2089",2,0.473669210837601,"Disagree Non-resident"
"2090",3,0.337015271142649,"Agree Non-resident"
"2091",8,0.214512343345583,"Agree Non-resident"
"2092",10,0.454550330598783,"Agree Resident"
"2093",3,0.388557920221949,"Agree Non-resident"
"2094",3,0.270363824552223,"Agree Non-resident"
"2095",4,0.346949078583596,"Agree Resident"
"2096",1,0.245320457559548,"Agree Resident"
"2097",6,0.489848142568871,"Disagree Non-resident"
"2098",2,0.531541202816248,"Disagree Resident"
"2099",10,0.420661230783454,"Agree Non-resident"
"2100",2,0.347780151864024,"Agree Non-resident"
"2101",6,0.400841405261789,"Agree Resident"
"2102",8,0.196558394851997,"Agree Resident"
"2103",7,0.629881438595562,"Agree Non-resident"
"2104",9,0.25620148444181,"Agree Non-resident"
"2105",9,0.252236311681775,"Agree Non-resident"
"2106",5,0.220948008968519,"Agree Non-resident"
"2107",4,0.335273442565207,"Agree Resident"
"2108",9,0.252463308019256,"Agree Non-resident"
"2109",7,0.277344749202456,"Agree Non-resident"
"2110",4,0.358624230563252,"Agree Resident"
"2111",7,0.374742525257199,"Disagree Non-resident"
"2112",8,0.313539672894198,"Disagree Non-resident"
"2113",9,0.273772519020172,"Agree Non-resident"
"2114",9,0.289529073900823,"Agree Non-resident"
"2115",9,0.449047785538927,"Agree Non-resident"
"2116",4,0.294262002275053,"Agree Non-resident"
"2117",8,0.202166688648027,"Agree Resident"
"2118",4,0.378499787353297,"Agree Non-resident"
"2119",2,0.558766282097803,"Agree Resident"
"2120",9,0.362493725255765,"Agree Resident"
"2121",9,0.233571154471318,"Agree Non-resident"
"2122",10,0.206674422444074,"Agree Non-resident"
"2123",1,0.276663563243775,"Agree Resident"
"2124",6,0.432366721504176,"Disagree Non-resident"
"2125",7,0.304198149964996,"Disagree Resident"
"2126",2,0.351490525817948,"Disagree Non-resident"
"2127",2,0.243850902424913,"Agree Resident"
"2128",3,0.353545978702472,"Agree Resident"
"2129",6,0.309933606319492,"Disagree Non-resident"
"2130",1,0.285557499332323,"Agree Resident"
"2131",1,0.321548515536052,"Disagree Non-resident"
"2132",6,0.249464389568812,"Agree Resident"
"2133",3,0.268808018344645,"Agree Non-resident"
"2134",9,0.270132852731571,"Agree Non-resident"
"2135",2,0.207091381922428,"Disagree Resident"
"2136",1,0.32813320305523,"Agree Non-resident"
"2137",2,0.257392758600641,"Agree Non-resident"
"2138",9,0.373593804378647,"Agree Non-resident"
"2139",9,0.238500843318855,"Agree Non-resident"
"2140",6,0.432833753161279,"Disagree Non-resident"
"2141",9,0.282527201713954,"Agree Non-resident"
"2142",6,0.334216294070093,"Agree Non-resident"
"2143",6,0.208162684256665,"Disagree Resident"
"2144",3,0.208884545369647,"Agree Resident"
"2145",4,0.299435891194453,"Agree Resident"
"2146",5,0.326961439222609,"Agree Non-resident"
"2147",5,0.231086271385002,"Agree Non-resident"
"2148",5,0.373765806248907,"Agree Non-resident"
"2149",2,0.708849046902808,"Disagree Resident"
"2150",1,0.295927370309937,"Agree Non-resident"
"2151",8,0.253709400275219,"Agree Resident"
"2152",4,0.322775339686234,"Agree Resident"
"2153",4,0.346252478603136,"Agree Non-resident"
"2154",2,0.248378111054024,"Agree Non-resident"
"2155",3,0.250435143036207,"Agree Resident"
"2156",4,0.25343093575406,"Agree Non-resident"
"2157",4,0.194175151560406,"Agree Non-resident"
"2158",9,0.22826693949912,"Agree Non-resident"
"2159",5,0.342841375508822,"Agree Non-resident"
"2160",9,0.512875281769385,"Agree Non-resident"
"2161",5,0.289447708259875,"Agree Resident"
"2162",2,0.575970451694242,"Disagree Resident"
"2163",2,0.598247406406005,"Disagree Non-resident"
"2164",7,0.247872223172174,"Agree Non-resident"
"2165",9,0.409563571623819,"Agree Non-resident"
"2166",2,0.359810641459294,"Disagree Resident"
"2167",4,0.214208897776647,"Disagree Resident"
"2168",1,0.22547784641764,"Agree Non-resident"
"2169",4,0.353805485095879,"Agree Non-resident"
"2170",4,0.254053194180121,"Agree Non-resident"
"2171",5,0.260089376427344,"Agree Non-resident"
"2172",4,0.314475646110656,"Agree Non-resident"
"2173",6,0.583319843758908,"Disagree Non-resident"
"2174",4,0.198710192363172,"Agree Resident"
"2175",8,0.378501656626841,"Disagree Resident"
"2176",2,0.349457347359275,"Disagree Resident"
"2177",1,0.328165358318275,"Agree Non-resident"
"2178",4,0.253363566519175,"Agree Resident"
"2179",4,0.243593106380229,"Agree Non-resident"
"2180",3,0.39085748815942,"Agree Resident"
"2181",6,0.271056451580309,"Disagree Resident"
"2182",7,0.532847488256316,"Disagree Non-resident"
"2183",7,0.304463475552493,"Agree Non-resident"
"2184",6,0.222665156064046,"Disagree Non-resident"
"2185",5,0.280887938557865,"Agree Non-resident"
"2186",1,0.282190547783189,"Agree Resident"
"2187",9,0.235756268145052,"Agree Non-resident"
"2188",2,0.338023926668376,"Disagree Resident"
"2189",4,0.308416975084293,"Disagree Resident"
"2190",2,0.37825759092855,"Disagree Resident"
"2191",4,0.213602451163565,"Agree Non-resident"
"2192",9,0.259882866282078,"Agree Non-resident"
"2193",3,0.353545978702472,"Agree Resident"
"2194",10,0.174934610694758,"Agree Non-resident"
"2195",9,0.345159524115678,"Agree Resident"
"2196",1,0.263473771621049,"Agree Resident"
"2197",3,0.238215235954256,"Agree Resident"
"2198",2,0.417049281957952,"Agree Non-resident"
"2199",8,0.265089453485292,"Agree Non-resident"
"2200",2,0.490490876197947,"Disagree Resident"
"2201",1,0.248630667129703,"Agree Resident"
"2202",2,0.562184211647012,"Agree Non-resident"
"2203",5,0.23911123014108,"Agree Resident"
"2204",1,0.32813320305523,"Agree Non-resident"
"2205",6,0.502911719221292,"Disagree Non-resident"
"2206",4,0.313454283568987,"Agree Non-resident"
"2207",9,0.26405716525221,"Agree Resident"
"2208",5,0.248667962139351,"Agree Resident"
"2209",6,0.575460653563537,"Agree Non-resident"
"2210",6,0.583110192995517,"Disagree Non-resident"
"2211",3,0.311084857307375,"Agree Non-resident"
"2212",5,0.357312405665591,"Agree Non-resident"
"2213",3,0.557138004971628,"Agree Resident"
"2214",1,0.296521200598447,"Agree Non-resident"
"2215",6,0.681420126813461,"Disagree Non-resident"
"2216",1,0.344972163623757,"Agree Non-resident"
"2217",4,0.632691282341848,"Agree Non-resident"
"2218",9,0.213044966888174,"Agree Non-resident"
"2219",9,0.500763445403849,"Agree Resident"
"2220",9,0.259945689999379,"Agree Non-resident"
"2221",9,0.334666522072934,"Agree Non-resident"
"2222",4,0.233562839658011,"Agree Non-resident"
"2223",4,0.314475646110656,"Agree Non-resident"
"2224",9,0.608269273456517,"Agree Non-resident"
"2225",4,0.45989865849883,"Agree Non-resident"
"2226",8,0.427642945991737,"Disagree Resident"
"2227",2,0.300544562945683,"Disagree Resident"
"2228",3,0.389303685951675,"Agree Non-resident"
"2229",1,0.203752407674657,"Agree Non-resident"
"2230",9,0.182743378872228,"Agree Non-resident"
"2231",10,0.336124175372867,"Agree Non-resident"
"2232",7,0.327137437394416,"Agree Resident"
"2233",5,0.239383099805777,"Agree Resident"
"2234",10,0.237564326586713,"Agree Non-resident"
"2235",9,0.234718408958839,"Agree Non-resident"
"2236",9,0.354495127594417,"Agree Non-resident"
"2237",6,0.233155708832953,"Disagree Resident"
"2238",3,0.295185089977887,"Agree Non-resident"
"2239",4,0.230172127386885,"Agree Non-resident"
"2240",9,0.241128189674237,"Agree Resident"
"2241",7,0.205319994431681,"Agree Non-resident"
"2242",9,0.559979603634226,"Agree Non-resident"
"2243",2,0.698530823563245,"Disagree Non-resident"
"2244",5,0.196603722310223,"Agree Non-resident"
"2245",4,0.212019345258573,"Agree Non-resident"
"2246",1,0.306054145430058,"Agree Non-resident"
"2247",8,0.345013199304458,"Agree Non-resident"
"2248",8,0.457211191362245,"Disagree Resident"
"2249",4,0.42392631871363,"Agree Non-resident"
"2250",2,0.581707070156554,"Agree Non-resident"
"2251",1,0.189545817743859,"Agree Non-resident"
"2252",9,0.272868021040635,"Agree Non-resident"
"2253",4,0.275435149715925,"Agree Non-resident"
"2254",4,0.294835017768839,"Agree Non-resident"
"2255",4,0.269555007209275,"Agree Resident"
"2256",7,0.493100278737685,"Agree Resident"
"2257",2,0.343253646327214,"Disagree Non-resident"
"2258",4,0.362611687574826,"Agree Non-resident"
"2259",9,0.346837581045084,"Disagree Resident"
"2260",6,0.323296717075961,"Agree Non-resident"
"2261",1,0.228806206956593,"Agree Non-resident"
"2262",4,0.279645978218182,"Agree Non-resident"
"2263",5,0.276486839713411,"Agree Non-resident"
"2264",8,0.645067825719778,"Disagree Non-resident"
"2265",4,0.305169712788982,"Agree Non-resident"
"2266",4,0.301942729873811,"Agree Non-resident"
"2267",4,0.314050566631653,"Agree Non-resident"
"2268",4,0.315604397046017,"Agree Resident"
"2269",4,0.310359256126515,"Agree Non-resident"
"2270",2,0.580557974958427,"Agree Non-resident"
"2271",9,0.384685157873718,"Agree Resident"
"2272",8,0.569941091214914,"Disagree Resident"
"2273",2,0.303218932743759,"Agree Non-resident"
"2274",9,0.440474935797499,"Agree Non-resident"
"2275",4,0.224988496568185,"Agree Resident"
"2276",7,0.473979889825504,"Agree Non-resident"
"2277",3,0.161291970229686,"Agree Non-resident"
"2278",2,0.478670139871058,"Disagree Non-resident"
"2279",3,0.315158075116599,"Agree Resident"
"2280",9,0.31404678009339,"Agree Non-resident"
"2281",4,0.180500353870542,"Agree Resident"
"2282",3,0.311333824082684,"Agree Non-resident"
"2283",4,0.347874317413438,"Agree Non-resident"
"2284",6,0.18947991540386,"Agree Non-resident"
"2285",9,0.416989918456211,"Agree Non-resident"
"2286",9,0.313386987616372,"Agree Non-resident"
"2287",9,0.256321587665832,"Agree Resident"
"2288",4,0.229075978204696,"Agree Resident"
"2289",2,0.472394167634699,"Disagree Resident"
"2290",10,0.204457308029173,"Agree Resident"
"2291",5,0.25042872986018,"Agree Non-resident"
"2292",3,0.301826041229025,"Agree Non-resident"
"2293",4,0.423780166156965,"Agree Non-resident"
"2294",10,0.20525678572771,"Agree Non-resident"
"2295",9,0.313100808771502,"Agree Non-resident"
"2296",1,0.298516044720328,"Agree Resident"
"2297",9,0.348640228037723,"Agree Non-resident"
"2298",9,0.200348907646538,"Agree Non-resident"
"2299",9,0.284339196756917,"Agree Non-resident"
"2300",6,0.34868267195238,"Disagree Resident"
"2301",4,0.524721066842588,"Agree Non-resident"
"2302",4,0.316183681248924,"Agree Non-resident"
"2303",9,0.263661790624036,"Agree Non-resident"
"2304",10,0.592135118546802,"Agree Resident"
"2305",7,0.373296463600808,"Disagree Resident"
"2306",2,0.605287207945353,"Agree Resident"
"2307",9,0.519551177202798,"Agree Non-resident"
"2308",7,0.450402820703888,"Agree Resident"
"2309",3,0.344699135082187,"Agree Non-resident"
"2310",4,0.247331277354197,"Agree Non-resident"
"2311",6,0.233962437742367,"Disagree Resident"
"2312",2,0.584432303899897,"Disagree Resident"
"2313",10,0.369564591333121,"Agree Non-resident"
"2314",10,0.252005993329284,"Agree Non-resident"
"2315",2,0.223929297739171,"Disagree Non-resident"
"2316",9,0.197460738430582,"Agree Resident"
"2317",4,0.397780188272864,"Agree Non-resident"
"2318",1,0.190472171680753,"Agree Resident"
"2319",3,0.229778224662432,"Agree Non-resident"
"2320",3,0.250435143036207,"Agree Resident"
"2321",2,0.275271286273286,"Disagree Non-resident"
"2322",3,0.29422803469698,"Agree Non-resident"
"2323",4,0.393256540446605,"Agree Non-resident"
"2324",1,0.281302742056963,"Agree Non-resident"
"2325",3,0.250435143036207,"Agree Resident"
"2326",10,0.265489827142637,"Agree Resident"
"2327",4,0.319817745414339,"Agree Resident"
"2328",4,0.321616293899209,"Agree Non-resident"
"2329",1,0.320848911517677,"Agree Non-resident"
"2330",1,0.329261942061907,"Agree Resident"
"2331",9,0.211584685230991,"Agree Resident"
"2332",5,0.309764380937673,"Agree Non-resident"
"2333",9,0.369744199691172,"Agree Non-resident"
"2334",5,0.245814309918799,"Agree Resident"
"2335",3,0.353546018079272,"Agree Resident"
"2336",3,0.315594479443003,"Agree Non-resident"
"2337",2,0.35625370246251,"Disagree Resident"
"2338",9,0.328201768069626,"Agree Non-resident"
"2339",8,0.305102217983456,"Disagree Non-resident"
"2340",7,0.504854950803542,"Disagree Resident"
"2341",4,0.320449544871527,"Agree Non-resident"
"2342",9,0.189905185626619,"Agree Non-resident"
"2343",2,0.337338406844084,"Disagree Non-resident"
"2344",9,0.324137092477583,"Agree Non-resident"
"2345",4,0.229613593823324,"Agree Non-resident"
"2346",7,0.278286986108959,"Agree Resident"
"2347",4,0.285285978090656,"Agree Non-resident"
"2348",3,0.241110754370066,"Agree Non-resident"
"2349",8,0.31362021891462,"Disagree Non-resident"
"2350",4,0.246247432143618,"Agree Non-resident"
"2351",7,0.415390453769222,"Agree Non-resident"
"2352",1,0.341073971158729,"Agree Resident"
"2353",4,0.384101762843531,"Agree Non-resident"
"2354",6,0.434037638384461,"Disagree Non-resident"
"2355",3,0.240226566761481,"Agree Resident"
"2356",4,0.44982284880604,"Agree Non-resident"
"2357",1,0.238792988742577,"Agree Non-resident"
"2358",9,0.531196367718092,"Agree Non-resident"
"2359",3,0.389306402261806,"Agree Non-resident"
"2360",4,0.463196894823848,"Agree Non-resident"
"2361",10,0.214559584462126,"Agree Non-resident"
"2362",9,0.217984916401907,"Agree Resident"
"2363",7,0.354647032006872,"Agree Non-resident"
"2364",6,0.188189677389656,"Disagree Resident"
"2365",7,0.378010812087128,"Disagree Resident"
"2366",7,0.30230527926663,"Agree Non-resident"
"2367",2,0.356022257992595,"Disagree Resident"
"2368",9,0.354281612880043,"Agree Resident"
"2369",4,0.223042497689231,"Agree Non-resident"
"2370",9,0.541015802518619,"Agree Non-resident"
"2371",3,0.353324885827052,"Agree Resident"
"2372",8,0.500076100373815,"Disagree Resident"
"2373",4,0.382582613215929,"Agree Non-resident"
"2374",4,0.546755069805747,"Agree Non-resident"
"2375",2,0.722991704186545,"Disagree Non-resident"
"2376",2,0.366855859503743,"Disagree Resident"
"2377",4,0.287082492556005,"Agree Non-resident"
"2378",1,0.270944939208187,"Disagree Resident"
"2379",3,0.252966495412871,"Agree Non-resident"
"2380",4,0.230688324053313,"Agree Non-resident"
"2381",2,0.414461070938767,"Disagree Non-resident"
"2382",4,0.235864739053963,"Agree Non-resident"
"2383",4,0.378360543410367,"Agree Resident"
"2384",6,0.577137299012632,"Disagree Resident"
"2385",1,0.264152747332571,"Agree Non-resident"
"2386",3,0.389302120776442,"Agree Non-resident"
"2387",7,0.272128789045416,"Disagree Resident"
"2388",8,0.270017817778024,"Disagree Resident"
"2389",4,0.293672001012803,"Agree Resident"
"2390",4,0.254262139015442,"Agree Non-resident"
"2391",8,0.364672248789611,"Agree Non-resident"
"2392",3,0.321533611935579,"Agree Non-resident"
"2393",9,0.480644302537801,"Agree Non-resident"
"2394",3,0.188859744626406,"Agree Resident"
"2395",1,0.302305593594613,"Agree Non-resident"
"2396",9,0.374444430777533,"Agree Non-resident"
"2397",10,0.195472498642677,"Agree Non-resident"
"2398",10,0.245855761485235,"Agree Resident"
"2399",7,0.198801129695038,"Agree Non-resident"
"2400",4,0.282052566136079,"Agree Non-resident"
"2401",4,0.204310443700981,"Agree Non-resident"
"2402",4,0.314475646110656,"Agree Non-resident"
"2403",3,0.206841830058121,"Agree Non-resident"
"2404",8,0.236402872147059,"Disagree Non-resident"
"2405",4,0.428935716060717,"Agree Non-resident"
"2406",9,0.477251794610257,"Agree Resident"
"2407",5,0.200762732975724,"Agree Non-resident"
"2408",10,0.206502464404803,"Agree Non-resident"
"2409",6,0.416304027150766,"Disagree Non-resident"
"2410",4,0.313454283568987,"Agree Non-resident"
"2411",5,0.182201940389416,"Agree Resident"
"2412",5,0.242693317980295,"Agree Non-resident"
"2413",1,0.579530207374674,"Agree Resident"
"2414",9,0.350331298009195,"Agree Non-resident"
"2415",1,0.3039226826089,"Agree Non-resident"
"2416",4,0.174083548565923,"Agree Resident"
"2417",7,0.15843527753724,"Agree Resident"
"2418",3,0.322017416585867,"Agree Non-resident"
"2419",9,0.48998780216277,"Agree Non-resident"
"2420",9,0.322182802043198,"Agree Non-resident"
"2421",4,0.338074168872,"Agree Non-resident"
"2422",4,0.219632660315445,"Agree Non-resident"
"2423",1,0.370267430438439,"Disagree Resident"
"2424",3,0.148391214735699,"Agree Non-resident"
"2425",1,0.235607413491496,"Agree Resident"
"2426",4,0.271555305516553,"Agree Non-resident"
"2427",9,0.251972094084259,"Agree Resident"
"2428",6,0.377140672927033,"Agree Non-resident"
"2429",4,0.245663899257685,"Agree Resident"
"2430",2,0.477005698310746,"Disagree Non-resident"
"2431",4,0.395752972929055,"Agree Resident"
"2432",2,0.549431783374903,"Disagree Non-resident"
"2433",2,0.556194765829964,"Disagree Resident"
"2434",9,0.178136808207927,"Disagree Resident"
"2435",10,0.189921160350746,"Agree Resident"
"2436",6,0.278103337691264,"Disagree Non-resident"
"2437",5,0.234992011155465,"Agree Non-resident"
"2438",6,0.17525251533205,"Agree Resident"
"2439",9,0.35897127343345,"Agree Resident"
"2440",7,0.233218923823045,"Agree Resident"
"2441",6,0.244263983550315,"Agree Resident"
"2442",9,0.295697877010685,"Agree Non-resident"
"2443",1,0.482202880603615,"Agree Resident"
"2444",2,0.324214074459341,"Disagree Non-resident"
"2445",9,0.509160337114213,"Agree Non-resident"
"2446",1,0.353919091691,"Agree Non-resident"
"2447",2,0.229984744504849,"Agree Non-resident"
"2448",3,0.252971418327008,"Agree Non-resident"
"2449",9,0.284224881010464,"Agree Non-resident"
"2450",1,0.198783815955991,"Agree Resident"
"2451",7,0.372461530632734,"Disagree Non-resident"
"2452",4,0.263923112324677,"Agree Non-resident"
"2453",4,0.423944758753039,"Agree Non-resident"
"2454",1,0.279957463937316,"Disagree Resident"
"2455",4,0.229826368508925,"Disagree Resident"
"2456",2,0.464739958876774,"Disagree Resident"
"2457",1,0.337411120152455,"Agree Resident"
"2458",4,0.209776863681551,"Agree Non-resident"
"2459",3,0.353541681862884,"Agree Resident"
"2460",1,0.183671313710846,"Disagree Non-resident"
"2461",3,0.389306402261806,"Agree Non-resident"
"2462",10,0.347456736820343,"Agree Non-resident"
"2463",10,0.53470216131756,"Agree Resident"
"2464",3,0.174635390863262,"Agree Resident"
"2465",7,0.406861611218926,"Disagree Resident"
"2466",5,0.318793888804416,"Agree Non-resident"
"2467",4,0.215813525518718,"Agree Non-resident"
"2468",1,0.323613700523341,"Agree Non-resident"
"2469",5,0.416720009530377,"Agree Non-resident"
"2470",9,0.359427012351913,"Agree Non-resident"
"2471",1,0.195509587351532,"Disagree Resident"
"2472",5,0.248351821179875,"Agree Non-resident"
"2473",7,0.359277297073439,"Agree Non-resident"
"2474",1,0.327857095147056,"Agree Resident"
"2475",4,0.256171472384043,"Agree Non-resident"
"2476",9,0.355162944491014,"Agree Resident"
"2477",2,0.235651732526056,"Agree Resident"
"2478",7,0.184887047047841,"Agree Non-resident"
"2479",1,0.539098570988846,"Agree Resident"
"2480",4,0.241252648521472,"Agree Non-resident"
"2481",9,0.273244612542764,"Agree Non-resident"
"2482",2,0.281841397242659,"Agree Resident"
"2483",9,0.221577916595384,"Agree Non-resident"
"2484",6,0.195110541810089,"Agree Non-resident"
"2485",4,0.341008534549812,"Agree Non-resident"
"2486",9,0.461097987971457,"Agree Non-resident"
"2487",6,0.280799097925847,"Agree Resident"
"2488",4,0.279601505702879,"Agree Non-resident"
"2489",9,0.286974168803178,"Agree Non-resident"
"2490",1,0.457506551097335,"Agree Resident"
"2491",5,0.286035492685166,"Agree Non-resident"
"2492",2,0.284673102658915,"Agree Resident"
"2493",10,0.206675170635809,"Agree Non-resident"
"2494",6,0.396000461229619,"Agree Non-resident"
"2495",8,0.232120777765287,"Agree Resident"
"2496",5,0.21239877274185,"Agree Resident"
"2497",9,0.305757739095148,"Agree Non-resident"
"2498",9,0.204840106421292,"Agree Non-resident"
"2499",6,0.364782129725983,"Agree Non-resident"
"2500",4,0.391126382461891,"Agree Resident"
"2501",2,0.456778861299294,"Disagree Resident"
"2502",7,0.284204306317784,"Agree Non-resident"
"2503",6,0.261744166189267,"Agree Resident"
"2504",2,0.393132099966953,"Disagree Resident"
"2505",9,0.46417612383503,"Agree Non-resident"
"2506",6,0.30757888308681,"Disagree Resident"
"2507",4,0.282884028157854,"Disagree Resident"
"2508",3,0.250348080043238,"Agree Non-resident"
"2509",9,0.217684018198319,"Agree Non-resident"
"2510",9,0.276553488579428,"Agree Resident"
"2511",6,0.359060482172865,"Disagree Non-resident"
"2512",7,0.271274076798741,"Agree Resident"
"2513",1,0.191626206087276,"Disagree Resident"
"2514",1,0.253571067479039,"Agree Non-resident"
"2515",10,0.445411531763229,"Agree Non-resident"
"2516",6,0.234053371373461,"Disagree Resident"
"2517",10,0.206674422444074,"Agree Non-resident"
"2518",6,0.352801488874954,"Disagree Resident"
"2519",9,0.20908723655888,"Agree Non-resident"
"2520",5,0.262060933256873,"Agree Non-resident"
"2521",5,0.260509581987637,"Agree Non-resident"
"2522",9,0.256917681584967,"Agree Non-resident"
"2523",4,0.388374803088672,"Agree Non-resident"
"2524",9,0.216702296070013,"Agree Non-resident"
"2525",4,0.461828967039465,"Agree Non-resident"
"2526",6,0.508256358225526,"Disagree Non-resident"
"2527",7,0.243687943377066,"Agree Resident"
"2528",9,0.288454250893347,"Agree Non-resident"
"2529",9,0.321882096753761,"Agree Non-resident"
"2530",4,0.272415116000497,"Agree Non-resident"
"2531",6,0.469406525826827,"Disagree Non-resident"
"2532",9,0.235014630145741,"Agree Non-resident"
"2533",9,0.591517553299062,"Agree Non-resident"
"2534",6,0.463698271493746,"Disagree Non-resident"
"2535",4,0.305383051111325,"Agree Non-resident"
"2536",6,0.364199721618579,"Agree Non-resident"
"2537",4,0.436168544020119,"Agree Non-resident"
"2538",2,0.389218150317787,"Disagree Non-resident"
"2539",9,0.371148122007446,"Agree Non-resident"
"2540",5,0.217506761599227,"Agree Non-resident"
"2541",9,0.318666902065713,"Agree Non-resident"
"2542",7,0.231634496432727,"Agree Non-resident"
"2543",1,0.321794502331784,"Agree Resident"
"2544",9,0.303287531751016,"Agree Resident"
"2545",4,0.236215160942578,"Agree Non-resident"
"2546",6,0.37708134101755,"Disagree Resident"
"2547",1,0.437235584435593,"Agree Non-resident"
"2548",8,0.192316028950348,"Agree Non-resident"
"2549",9,0.295586022146559,"Agree Non-resident"
"2550",3,0.276936811737815,"Agree Resident"
"2551",8,0.205799111005535,"Agree Non-resident"
"2552",1,0.256707911885514,"Agree Resident"
"2553",1,0.215200017469165,"Agree Non-resident"
"2554",1,0.434796476273901,"Agree Non-resident"
"2555",1,0.249619012684861,"Agree Resident"
"2556",2,0.399358435542033,"Agree Non-resident"
"2557",4,0.363626348437252,"Agree Resident"
"2558",6,0.231786617181375,"Disagree Resident"
"2559",10,0.219784475543342,"Agree Non-resident"
"2560",1,0.352483346970274,"Agree Resident"
"2561",2,0.496205024605668,"Agree Resident"
"2562",5,0.248934288072257,"Agree Non-resident"
"2563",1,0.260609191703595,"Agree Resident"
"2564",9,0.236022682601178,"Agree Non-resident"
"2565",9,0.398459313867767,"Agree Non-resident"
"2566",2,0.395223196125672,"Agree Non-resident"
"2567",4,0.314050566631653,"Agree Non-resident"
"2568",6,0.253751400152692,"Disagree Non-resident"
"2569",8,0.330185728444382,"Disagree Resident"
"2570",6,0.448895807668438,"Agree Non-resident"
"2571",4,0.305416345901814,"Agree Non-resident"
"2572",2,0.369991123322518,"Disagree Non-resident"
"2573",4,0.320015330931582,"Agree Non-resident"
"2574",5,0.204059572358832,"Agree Non-resident"
"2575",4,0.35391537424581,"Agree Non-resident"
"2576",8,0.345123405562228,"Agree Non-resident"
"2577",6,0.249020054021786,"Agree Resident"
"2578",1,0.216309133020348,"Agree Resident"
"2579",9,0.312195778106511,"Agree Non-resident"
"2580",7,0.601533792182374,"Agree Non-resident"
"2581",4,0.282301774141936,"Agree Non-resident"
"2582",10,0.345160231745003,"Agree Resident"
"2583",5,0.203150984397996,"Agree Resident"
"2584",5,0.321961218871711,"Agree Non-resident"
"2585",4,0.329434907955345,"Agree Resident"
"2586",8,0.350143482386324,"Agree Non-resident"
"2587",9,0.261663976348501,"Agree Non-resident"
"2588",6,0.203853723500686,"Disagree Resident"
"2589",9,0.454063105311212,"Agree Non-resident"
"2590",4,0.497423268782313,"Agree Non-resident"
"2591",2,0.51169079819242,"Disagree Resident"
"2592",4,0.183045297443999,"Agree Non-resident"
"2593",5,0.158137284548922,"Agree Non-resident"
"2594",3,0.273688390066347,"Agree Non-resident"
"2595",7,0.382332621074274,"Disagree Non-resident"
"2596",3,0.250435143036207,"Agree Resident"
"2597",9,0.311120412263568,"Agree Non-resident"
"2598",10,0.194628063013442,"Agree Resident"
"2599",2,0.319906606232655,"Disagree Non-resident"
"2600",1,0.331612157980527,"Agree Non-resident"
"2601",4,0.25164295947447,"Agree Non-resident"
"2602",1,0.560384892206953,"Agree Resident"
"2603",1,0.424013745581348,"Agree Resident"
"2604",6,0.228323930567183,"Disagree Non-resident"
"2605",9,0.377754814288088,"Agree Non-resident"
"2606",3,0.14686357574068,"Agree Resident"
"2607",2,0.237316919198549,"Agree Non-resident"
"2608",6,0.432833753161279,"Disagree Non-resident"
"2609",3,0.353169187762973,"Agree Non-resident"
"2610",4,0.371552195314522,"Agree Non-resident"
"2611",4,0.327201736003057,"Agree Resident"
"2612",5,0.216610809865003,"Agree Non-resident"
"2613",10,0.171283428263772,"Agree Non-resident"
"2614",1,0.485680355442793,"Agree Non-resident"
"2615",7,0.237290771276969,"Agree Non-resident"
"2616",6,0.562955479183175,"Disagree Non-resident"
"2617",5,0.387108374687463,"Agree Resident"
"2618",6,0.274536212393195,"Disagree Non-resident"
"2619",1,0.41142885384193,"Agree Non-resident"
"2620",10,0.319859321990249,"Agree Non-resident"
"2621",4,0.4053340668104,"Agree Non-resident"
"2622",4,0.36057458162037,"Agree Non-resident"
"2623",9,0.465925188981533,"Agree Resident"
"2624",10,0.337667691409057,"Agree Non-resident"
"2625",4,0.284767697270263,"Agree Non-resident"
"2626",3,0.349506290425158,"Agree Non-resident"
"2627",2,0.474479786588654,"Disagree Non-resident"
"2628",9,0.388129390049846,"Agree Resident"
"2629",3,0.250348080043238,"Agree Non-resident"
"2630",9,0.350802244290952,"Agree Non-resident"
"2631",3,0.293032912409007,"Agree Resident"
"2632",1,0.289017439827112,"Agree Resident"
"2633",1,0.464488462398508,"Agree Non-resident"
"2634",1,0.285256269459103,"Agree Resident"
"2635",1,0.324315899822493,"Agree Resident"
"2636",3,0.227156352484073,"Agree Resident"
"2637",1,0.372165548854099,"Agree Non-resident"
"2638",9,0.319750620205442,"Agree Non-resident"
"2639",9,0.347393703398238,"Agree Non-resident"
"2640",3,0.389303685951675,"Agree Non-resident"
"2641",7,0.424711027225537,"Disagree Resident"
"2642",9,0.353828177878921,"Agree Resident"
"2643",4,0.327778255686383,"Agree Resident"
"2644",3,0.300241585003802,"Agree Resident"
"2645",3,0.3495376499884,"Agree Non-resident"
"2646",1,0.386724273976818,"Agree Non-resident"
"2647",9,0.407973376039092,"Agree Non-resident"
"2648",9,0.21147865280686,"Disagree Non-resident"
"2649",4,0.242782902283241,"Agree Non-resident"
"2650",4,0.366265047158157,"Agree Non-resident"
"2651",10,0.28530551705732,"Agree Resident"
"2652",9,0.224322660409191,"Agree Non-resident"
"2653",4,0.163881737734313,"Agree Non-resident"
"2654",3,0.349537562487427,"Agree Non-resident"
"2655",3,0.239291339097793,"Agree Non-resident"
"2656",9,0.277057206062361,"Agree Resident"
"2657",1,0.214450995079687,"Agree Non-resident"
"2658",4,0.24886235938698,"Disagree Resident"
"2659",1,0.282572894462865,"Agree Non-resident"
"2660",10,0.264705431906024,"Agree Non-resident"
"2661",4,0.166471134262972,"Agree Non-resident"
"2662",4,0.249859349408466,"Agree Resident"
"2663",4,0.188171355166522,"Agree Non-resident"
"2664",1,0.331557671060654,"Agree Non-resident"
"2665",10,0.22297263851867,"Agree Resident"
"2666",5,0.172815220504988,"Agree Resident"
"2667",10,0.22297263851867,"Agree Resident"
"2668",6,0.185947363731197,"Disagree Resident"
"2669",5,0.186108366164439,"Agree Non-resident"
"2670",7,0.384793281646091,"Agree Non-resident"
"2671",2,0.350401620375724,"Agree Non-resident"
"2672",9,0.162846458282869,"Agree Resident"
"2673",1,0.281359581842657,"Agree Non-resident"
"2674",9,0.520745513265174,"Agree Resident"
"2675",10,0.444740610604288,"Agree Non-resident"
"2676",9,0.219935584023588,"Agree Non-resident"
"2677",2,0.28075270458413,"Agree Resident"
"2678",7,0.377243489835433,"Disagree Resident"
"2679",9,0.282851856415556,"Agree Non-resident"
"2680",7,0.474693363952305,"Disagree Non-resident"
"2681",5,0.530370128235774,"Agree Non-resident"
"2682",2,0.450700689345382,"Disagree Non-resident"
"2683",3,0.343357466941303,"Agree Resident"
"2684",2,0.483893105112225,"Disagree Non-resident"
"2685",4,0.247226099451442,"Agree Non-resident"
"2686",4,0.359997367949256,"Agree Non-resident"
"2687",4,0.46400494183025,"Disagree Non-resident"
"2688",10,0.301117879661655,"Agree Non-resident"
"2689",1,0.691076693813708,"Agree Resident"
"2690",5,0.174196936110501,"Agree Non-resident"
"2691",1,0.236715242299924,"Agree Non-resident"
"2692",2,0.421357184948291,"Agree Non-resident"
"2693",1,0.338391840619265,"Disagree Resident"
"2694",9,0.462365094121828,"Agree Non-resident"
"2695",4,0.624489473486673,"Agree Non-resident"
"2696",9,0.416782794991331,"Agree Non-resident"
"2697",9,0.428764393877558,"Agree Non-resident"
"2698",9,0.267359701934022,"Agree Non-resident"
"2699",9,0.227471362394541,"Agree Non-resident"
"2700",10,0.393035725872697,"Agree Non-resident"
"2701",2,0.38737968165752,"Disagree Non-resident"
"2702",6,0.317017988869426,"Agree Resident"
"2703",2,0.298000032074659,"Disagree Non-resident"
"2704",4,0.21935118163422,"Agree Non-resident"
"2705",9,0.542738144868483,"Agree Non-resident"
"2706",5,0.320923363535372,"Agree Non-resident"
"2707",10,0.257588548702152,"Agree Non-resident"
"2708",4,0.27805553156144,"Agree Non-resident"
"2709",7,0.202314557832687,"Agree Resident"
"2710",5,0.317572017494629,"Agree Non-resident"
"2711",9,0.168614293047915,"Disagree Resident"
"2712",4,0.502388994115583,"Agree Resident"
"2713",9,0.354011520128828,"Agree Non-resident"
"2714",1,0.280668289475162,"Agree Non-resident"
"2715",3,0.284457483842123,"Agree Non-resident"
"2716",4,0.285653887944689,"Agree Non-resident"
"2717",9,0.264525873425936,"Agree Non-resident"
"2718",9,0.287402046059432,"Agree Non-resident"
"2719",3,0.248638112401795,"Agree Non-resident"
"2720",8,0.354010989195683,"Disagree Non-resident"
"2721",4,0.50786289053232,"Agree Non-resident"
"2722",1,0.338636650654677,"Agree Non-resident"
"2723",9,0.244706274642455,"Agree Resident"
"2724",9,0.457928002125542,"Agree Non-resident"
"2725",2,0.331241119312729,"Agree Resident"
"2726",3,0.252344582062272,"Agree Non-resident"
"2727",7,0.432150304642389,"Agree Non-resident"
"2728",4,0.309227029804297,"Agree Non-resident"
"2729",1,0.72123506897719,"Agree Resident"
"2730",5,0.332092072317731,"Agree Non-resident"
"2731",3,0.353541681862884,"Agree Resident"
"2732",6,0.380188233096137,"Agree Non-resident"
"2733",2,0.568738732277525,"Disagree Non-resident"
"2734",1,0.383123529075619,"Agree Resident"
"2735",4,0.390027237899036,"Agree Resident"
"2736",4,0.581821297337441,"Agree Non-resident"
"2737",4,0.186942070328216,"Agree Non-resident"
"2738",2,0.246163614690629,"Disagree Non-resident"
"2739",7,0.202292762909314,"Agree Non-resident"
"2740",4,0.270793893751374,"Agree Resident"
"2741",8,0.178176492291717,"Agree Non-resident"
"2742",7,0.15374597305613,"Agree Non-resident"
"2743",7,0.368349983316267,"Agree Non-resident"
"2744",9,0.278466581787529,"Agree Non-resident"
"2745",9,0.388688907936849,"Agree Non-resident"
"2746",5,0.26531863142146,"Agree Resident"
"2747",3,0.196167922175504,"Agree Non-resident"
"2748",3,0.255356963347889,"Agree Resident"
"2749",9,0.248794682473287,"Agree Non-resident"
"2750",3,0.240011085628982,"Agree Non-resident"
"2751",8,0.363199819943239,"Disagree Non-resident"
"2752",3,0.257885885759794,"Agree Non-resident"
"2753",4,0.37689065879393,"Agree Resident"
"2754",4,0.462347890932836,"Agree Resident"
"2755",6,0.184673678776861,"Agree Non-resident"
"2756",5,0.163983166795322,"Agree Resident"
"2757",4,0.313454283568987,"Agree Non-resident"
"2758",5,0.486736595440377,"Agree Resident"
"2759",1,0.249468597480796,"Agree Non-resident"
"2760",1,0.364314551539283,"Agree Resident"
"2761",1,0.70826457864977,"Agree Non-resident"
"2762",4,0.37294583291005,"Agree Resident"
"2763",4,0.313454283568987,"Agree Non-resident"
"2764",6,0.379266544158336,"Disagree Resident"
"2765",1,0.475671588364643,"Agree Resident"
"2766",5,0.203986831093887,"Agree Non-resident"
"2767",3,0.42189907827269,"Agree Non-resident"
"2768",10,0.206674422444074,"Agree Non-resident"
"2769",8,0.308242799952114,"Disagree Resident"
"2770",7,0.23986519404389,"Agree Resident"
"2771",6,0.69614598141881,"Disagree Non-resident"
"2772",6,0.368430990936946,"Agree Non-resident"
"2773",9,0.299346238089705,"Agree Non-resident"
"2774",5,0.22474295356382,"Agree Non-resident"
"2775",4,0.427025996286261,"Agree Non-resident"
"2776",4,0.192963144506351,"Agree Resident"
"2777",10,0.265842080249965,"Agree Non-resident"
"2778",4,0.320207143328544,"Agree Resident"
"2779",1,0.337224346597643,"Agree Resident"
"2780",1,0.244109516441518,"Agree Non-resident"
"2781",9,0.361466177992506,"Agree Non-resident"
"2782",9,0.203930656199835,"Agree Non-resident"
"2783",4,0.207013707568245,"Agree Resident"
"2784",6,0.2417101138623,"Disagree Non-resident"
"2785",9,0.211336938737014,"Agree Non-resident"
"2786",5,0.22652400081286,"Agree Non-resident"
"2787",7,0.203921653043587,"Disagree Non-resident"
"2788",4,0.1852203093877,"Agree Non-resident"
"2789",4,0.217192217892572,"Disagree Resident"
"2790",5,0.420052677205286,"Agree Resident"
"2791",4,0.178424187698307,"Agree Non-resident"
"2792",1,0.208848826323009,"Agree Resident"
"2793",10,0.206674422444074,"Agree Non-resident"
"2794",1,0.224016652766254,"Agree Resident"
"2795",10,0.172868623188394,"Agree Non-resident"
"2796",4,0.418939719942411,"Disagree Non-resident"
"2797",7,0.205700739911683,"Agree Non-resident"
"2798",8,0.528520145265473,"Disagree Non-resident"
"2799",4,0.328582544828917,"Agree Non-resident"
"2800",3,0.356678011638467,"Agree Non-resident"
"2801",5,0.187402278000683,"Agree Non-resident"
"2802",6,0.686970793356352,"Disagree Non-resident"
"2803",2,0.740327736950919,"Disagree Resident"
"2804",4,0.310381568271467,"Agree Non-resident"
"2805",4,0.314475646110656,"Agree Non-resident"
"2806",6,0.329126926438326,"Disagree Non-resident"
"2807",4,0.279293239819547,"Agree Non-resident"
"2808",6,0.466479662530292,"Disagree Non-resident"
"2809",4,0.279647426857365,"Agree Non-resident"
"2810",4,0.279293239819547,"Agree Non-resident"
"2811",7,0.414310053710793,"Agree Non-resident"
"2812",5,0.338827340492261,"Agree Non-resident"
"2813",4,0.249765634129808,"Agree Non-resident"
"2814",6,0.558784353109864,"Disagree Non-resident"
"2815",1,0.690986775827619,"Agree Non-resident"
"2816",4,0.348107036997222,"Agree Non-resident"
"2817",2,0.218694297258699,"Disagree Non-resident"
"2818",5,0.506531209865378,"Agree Resident"
"2819",1,0.44173541925578,"Disagree Resident"
"2820",4,0.265992794775059,"Agree Resident"
"2821",10,0.375875479403113,"Agree Non-resident"
"2822",9,0.317462614688664,"Agree Non-resident"
"2823",5,0.320036115320396,"Agree Non-resident"
"2824",5,0.35606262987869,"Agree Non-resident"
"2825",5,0.262026701472254,"Agree Non-resident"
"2826",2,0.612877571568341,"Disagree Non-resident"
"2827",9,0.528492314119967,"Agree Non-resident"
"2828",6,0.456450911434097,"Disagree Non-resident"
"2829",2,0.53956726407565,"Agree Resident"
"2830",8,0.207554009854339,"Agree Non-resident"
"2831",4,0.291700842268638,"Agree Non-resident"
"2832",4,0.183296276723763,"Agree Non-resident"
"2833",9,0.327725734993201,"Agree Non-resident"
"2834",9,0.177146373665483,"Agree Non-resident"
"2835",9,0.256980760987745,"Agree Non-resident"
"2836",4,0.389075678542783,"Agree Resident"
"2837",2,0.494040388648998,"Disagree Non-resident"
"2838",4,0.314475646110656,"Agree Non-resident"
"2839",2,0.352089011704872,"Disagree Resident"
"2840",7,0.398208800120446,"Agree Non-resident"
"2841",1,0.321445335455128,"Disagree Resident"
"2842",9,0.607128611931896,"Agree Non-resident"
"2843",4,0.28388801020583,"Agree Resident"
"2844",2,0.42087762911658,"Disagree Resident"
"2845",9,0.316626103473739,"Agree Resident"
"2846",10,0.206674422444074,"Agree Non-resident"
"2847",5,0.315743751804914,"Agree Non-resident"
"2848",1,0.674759017450213,"Agree Non-resident"
"2849",4,0.314475646110656,"Agree Non-resident"
"2850",7,0.279412012091474,"Disagree Resident"
"2851",9,0.277069048408821,"Disagree Resident"
"2852",1,0.388187695366257,"Agree Resident"
"2853",4,0.42873923018016,"Agree Non-resident"
"2854",2,0.78569622300458,"Disagree Non-resident"
"2855",2,0.389202216899996,"Disagree Non-resident"
"2856",3,0.349506290425158,"Agree Non-resident"
"2857",2,0.38208600966195,"Disagree Non-resident"
"2858",6,0.293004456857247,"Disagree Resident"
"2859",2,0.342415948632878,"Agree Resident"
"2860",5,0.349668332647382,"Agree Non-resident"
"2861",3,0.389302120776442,"Agree Non-resident"
"2862",6,0.388960576464045,"Disagree Resident"
"2863",9,0.514831050737562,"Agree Non-resident"
"2864",6,0.365939814338135,"Disagree Resident"
"2865",4,0.22795200747065,"Agree Resident"
"2866",2,0.280492939139814,"Disagree Resident"
"2867",1,0.321874288889782,"Agree Resident"
"2868",2,0.438044657952187,"Disagree Non-resident"
"2869",9,0.286554973477886,"Agree Non-resident"
"2870",2,0.653405777966915,"Disagree Resident"
"2871",9,0.25484641178504,"Agree Non-resident"
"2872",5,0.235951026029826,"Agree Non-resident"
"2873",4,0.180524460274807,"Agree Resident"
"2874",7,0.340408716263314,"Agree Resident"
"2875",9,0.669391709005374,"Agree Non-resident"
"2876",6,0.410815739727601,"Disagree Non-resident"
"2877",3,0.39902839584688,"Agree Non-resident"
"2878",4,0.359375616370601,"Agree Resident"
"2879",7,0.219020173021258,"Agree Non-resident"
"2880",4,0.216695536791225,"Agree Resident"
"2881",1,0.228543368947006,"Agree Resident"
"2882",4,0.32714726860326,"Agree Non-resident"
"2883",9,0.279932079886684,"Agree Resident"
"2884",9,0.292450133481634,"Agree Resident"
"2885",1,0.414853258845925,"Agree Resident"
"2886",8,0.342626327948866,"Disagree Non-resident"
"2887",6,0.212617777902314,"Agree Non-resident"
"2888",4,0.228803630575715,"Agree Non-resident"
"2889",4,0.423944758753039,"Agree Non-resident"
"2890",1,0.194104501676202,"Agree Resident"
"2891",6,0.27126194011636,"Disagree Non-resident"
"2892",7,0.445435533004126,"Agree Non-resident"
"2893",7,0.599372916472253,"Agree Non-resident"
"2894",4,0.242556730790468,"Agree Non-resident"
"2895",7,0.66261810195092,"Disagree Non-resident"
"2896",4,0.406101406970733,"Agree Resident"
"2897",9,0.247448879127045,"Agree Non-resident"
"2898",10,0.206674422444074,"Agree Non-resident"
"2899",9,0.235236955673874,"Agree Resident"
"2900",6,0.345160067620498,"Disagree Non-resident"
"2901",1,0.361177554182069,"Agree Non-resident"
"2902",8,0.620395708801243,"Disagree Non-resident"
"2903",1,0.206504191320588,"Disagree Non-resident"
"2904",4,0.149883231219613,"Agree Non-resident"
"2905",1,0.197371102933665,"Agree Non-resident"
"2906",3,0.250348080043238,"Agree Non-resident"
"2907",3,0.424511905486077,"Agree Resident"
"2908",10,0.170850918535551,"Agree Non-resident"
"2909",9,0.233897377390674,"Agree Non-resident"
"2910",3,0.195979340700309,"Agree Non-resident"
"2911",4,0.249869047527416,"Agree Non-resident"
"2912",9,0.301351453883343,"Agree Non-resident"
"2913",1,0.265787698059388,"Agree Resident"
"2914",1,0.413079575853337,"Agree Non-resident"
"2915",2,0.485674986882161,"Disagree Non-resident"
"2916",4,0.344417841969002,"Agree Non-resident"
"2917",4,0.362418320048832,"Agree Resident"
"2918",2,0.472595787840355,"Disagree Non-resident"
